10;8.0;0.454819883;50;10
20;11.0;1.068805359;50;10
30;11.0;1.439958072;50;10
40;9.0;2.273921323;50;10
50;9.0;2.804710681;50;10
60;9.0;3.19705847;50;10
70;10.0;3.580657617;50;10
80;10.0;3.850147378;50;10
90;10.0;4.088339548;50;10
100;10.0;4.353891827;50;10
110;10.0;4.639298333;50;10
120;9.0;4.821565491;50;10
130;9.0;5.054825192;50;10
140;10.0;5.221769684;50;10
150;9.0;5.322904055;50;10
160;9.0;5.425240278;50;10
170;9.0;5.475661275;50;10
180;10.0;5.649133143;50;10
190;9.0;5.709223809;50;10
200;9.0;6.015639269;50;10
210;9.0;6.16280988;50;10
220;9.0;6.312363708;50;10
230;12.0;6.468795856;50;10
240;12.0;6.553864931;50;10
250;12.0;6.720213262;50;10
260;12.0;6.944243837;50;10
270;12.0;7.062983748;50;10
280;12.0;7.247885811;50;10
290;12.0;7.400865518;50;10
300;12.0;7.573721636;50;10
310;9.0;7.754967261;50;10
320;12.0;7.850019317;50;10
330;9.0;8.004063144;50;10
340;9.0;8.093274791;50;10
350;9.0;8.292600851;50;10
360;9.0;8.491385984;50;10
370;12.0;8.641478905;50;10
380;12.0;8.790623624;50;10
390;12.0;8.936629955;50;10
400;12.0;9.093619518;50;10
410;12.0;9.245364355;50;10
420;9.0;9.319538295;50;10
430;12.0;9.450953489;50;10
440;12.0;9.582305361;50;10
450;12.0;9.727665401;50;10
460;12.0;9.863942377;50;10
470;12.0;9.961317519;50;10
480;9.0;10.148629369;50;10
490;9.0;10.28465348;50;10
500;9.0;10.425456868;50;10
510;12.0;10.632896218;50;10
520;12.0;10.788107316;50;10
530;12.0;10.963803601;50;10
540;9.0;11.093387013;50;10
550;9.0;11.211158639;50;10
560;12.0;11.338122068;50;10
570;9.0;11.410694961;50;10
580;12.0;11.559784757;50;10
590;12.0;11.697753703;50;10
600;9.0;11.851436018;50;10
610;11.0;11.957071144;50;10
620;9.0;12.123707287;50;10
630;12.0;12.22782391;50;10
640;9.0;12.343392429;50;10
650;12.0;12.483015265;50;10
660;13.0;12.598412358;50;10
670;13.0;12.709135989;50;10
680;12.0;12.814509416;50;10
690;9.0;12.943717009;50;10
700;10.0;13.06924674;50;10
710;12.0;13.158255475;50;10
720;9.0;13.266720654;50;10
730;13.0;13.417970215;50;10
740;10.0;13.533339547;50;10
750;12.0;13.616430195;50;10
760;9.0;13.738856006;50;10
770;9.0;13.903647295;50;10
780;12.0;13.991542991;50;10
790;9.0;14.057589798;50;10
800;9.0;14.170806186;50;10
810;10.0;14.288781382;50;10
820;12.0;14.450658208;50;10
830;13.0;14.590078157;50;10
840;15.0;14.717238086;50;10
850;13.0;14.848821016;50;10
860;13.0;14.946486266;50;10
870;10.0;15.069392834;50;10
880;10.0;15.23560271;50;10
890;10.0;15.378794333;50;10
900;12.0;15.51289306;50;10
910;12.0;15.620382952;50;10
920;12.0;15.759296471;50;10
930;12.0;15.865617049;50;10
940;12.0;16.021615766;50;10
950;12.0;16.095378719;50;10
960;12.0;16.236234309;50;10
970;10.0;16.350949974;50;10
980;12.0;16.492914315;50;10
990;12.0;16.565750746;50;10
1000;12.0;16.671246896;50;10
10;7.0;0.627527241;50;10
20;10.0;1.093574935;50;10
30;7.0;1.552268244;50;10
40;7.0;2.218027356;50;10
50;9.0;2.54910266;50;10
60;8.0;2.94759988;50;10
70;7.0;3.267469286;50;10
80;10.0;3.676899256;50;10
90;7.0;3.958974546;50;10
100;7.0;4.081799174;50;10
110;7.0;4.457792968;50;10
120;10.0;4.630540713;50;10
130;7.0;4.788160852;50;10
140;7.0;4.950562135;50;10
150;8.0;5.148883265;50;10
160;8.0;5.214558385;50;10
170;7.0;5.490359135;50;10
180;7.0;5.557505374;50;10
190;7.0;5.819381717;50;10
200;8.0;5.924088916;50;10
210;7.0;5.980083232;50;10
220;7.0;6.161682407;50;10
230;8.0;6.349132041;50;10
240;8.0;6.494166807;50;10
250;8.0;6.6497832;50;10
260;7.0;6.855131405;50;10
270;7.0;7.065052318;50;10
280;7.0;7.189940492;50;10
290;7.0;7.380041261;50;10
300;8.0;7.545486244;50;10
310;7.0;7.619478009;50;10
320;8.0;7.765893094;50;10
330;7.0;7.932620912;50;10
340;7.0;8.116591987;50;10
350;8.0;8.2196804;50;10
360;7.0;8.322686492;50;10
370;7.0;8.404980637;50;10
380;8.0;8.628265056;50;10
390;7.0;8.785287204;50;10
400;7.0;8.928833105;50;10
410;7.0;9.137224739;50;10
420;7.0;9.265015322;50;10
430;7.0;9.408237897;50;10
440;7.0;9.575251394;50;10
450;7.0;9.730430382;50;10
460;7.0;9.873653837;50;10
470;7.0;10.221441145;50;10
480;7.0;10.366843583;50;10
490;7.0;10.506849702;50;10
500;7.0;10.723097577;50;10
510;7.0;10.887773583;50;10
520;8.0;11.132032315;50;10
530;8.0;11.248952525;50;10
540;10.0;11.35007945;50;10
550;7.0;11.469409035;50;10
560;10.0;11.556266323;50;10
570;9.0;11.701929157;50;10
580;10.0;11.871136935;50;10
590;10.0;11.985365216;50;10
600;10.0;12.12920982;50;10
610;10.0;12.223935905;50;10
620;11.0;12.34817601;50;10
630;10.0;12.464855019;50;10
640;10.0;12.648248339;50;10
650;10.0;12.751621856;50;10
660;12.0;12.820680446;50;10
670;10.0;12.961584812;50;10
680;10.0;13.08428479;50;10
690;11.0;13.213190323;50;10
700;10.0;13.324474341;50;10
710;11.0;13.460462456;50;10
720;11.0;13.565982735;50;10
730;11.0;13.681537193;50;10
740;10.0;13.762000395;50;10
750;10.0;13.945281022;50;10
760;11.0;14.050082844;50;10
770;11.0;14.134650522;50;10
780;11.0;14.242334276;50;10
790;10.0;14.372490061;50;10
800;10.0;14.530667547;50;10
810;10.0;14.688746784;50;10
820;13.0;14.808859669;50;10
830;11.0;14.95223886;50;10
840;10.0;15.070777428;50;10
850;10.0;15.168862933;50;10
860;10.0;15.283001776;50;10
870;11.0;15.425653106;50;10
880;13.0;15.5983073;50;10
890;11.0;15.703245946;50;10
900;11.0;15.837511292;50;10
910;11.0;15.942992321;50;10
920;11.0;16.096114765;50;10
930;12.0;16.20711825;50;10
940;11.0;16.312881914;50;10
950;11.0;16.413131811;50;10
960;12.0;16.534621505;50;10
970;11.0;16.640579215;50;10
980;12.0;16.720887393;50;10
990;12.0;16.8453133;50;10
1000;11.0;16.952237477;50;10
10;12.0;0.460453604;50;10
20;10.0;0.948104655;50;10
30;10.0;1.522814765;50;10
40;16.0;2.128423521;50;10
50;19.0;2.594725683;50;10
60;19.0;2.85649624;50;10
70;16.0;3.299976332;50;10
80;20.0;3.575934123;50;10
90;20.0;3.780463869;50;10
100;17.0;3.982589026;50;10
110;19.0;4.326006432;50;10
120;17.0;4.464113629;50;10
130;17.0;4.751119192;50;10
140;19.0;4.86346031;50;10
150;17.0;5.046603172;50;10
160;17.0;5.137254607;50;10
170;17.0;5.312572252;50;10
180;19.0;5.584579748;50;10
190;17.0;5.695511286;50;10
200;19.0;5.834344393;50;10
210;17.0;5.929530538;50;10
220;17.0;6.125898977;50;10
230;19.0;6.396320709;50;10
240;17.0;6.557205354;50;10
250;17.0;6.738218309;50;10
260;17.0;6.893054011;50;10
270;17.0;7.089828328;50;10
280;17.0;7.28229446;50;10
290;17.0;7.533138571;50;10
300;19.0;7.674426386;50;10
310;20.0;7.892751347;50;10
320;19.0;8.155729507;50;10
330;17.0;8.311093058;50;10
340;19.0;8.459586983;50;10
350;20.0;8.658823243;50;10
360;20.0;8.830584902;50;10
370;19.0;8.968276831;50;10
380;20.0;9.052860414;50;10
390;17.0;9.122299392;50;10
400;20.0;9.219335379;50;10
410;17.0;9.403096406;50;10
420;20.0;9.571130339;50;10
430;20.0;9.843817843;50;10
440;17.0;10.014719163;50;10
450;17.0;10.201644185;50;10
460;21.0;10.328823371;50;10
470;21.0;10.539143105;50;10
480;21.0;10.691915916;50;10
490;21.0;10.775298626;50;10
500;24.0;10.86965845;50;10
510;24.0;10.989891422;50;10
520;24.0;11.083651747;50;10
530;24.0;11.22705395;50;10
540;24.0;11.30765867;50;10
550;27.0;11.4373564;50;10
560;27.0;11.583148088;50;10
570;27.0;11.693280951;50;10
580;23.0;11.800494665;50;10
590;23.0;11.942887827;50;10
600;24.0;12.044945908;50;10
610;24.0;12.158012003;50;10
620;24.0;12.269568481;50;10
630;27.0;12.340582151;50;10
640;24.0;12.434103249;50;10
650;24.0;12.583333964;50;10
660;24.0;12.737845142;50;10
670;24.0;12.829509658;50;10
680;27.0;12.975314498;50;10
690;27.0;13.087569294;50;10
700;27.0;13.232568805;50;10
710;27.0;13.315025378;50;10
720;27.0;13.437418574;50;10
730;27.0;13.530431883;50;10
740;27.0;13.666745954;50;10
750;27.0;13.775096869;50;10
760;27.0;13.852072911;50;10
770;30.0;13.956972815;50;10
780;30.0;14.075223604;50;10
790;27.0;14.252762844;50;10
800;30.0;14.33406552;50;10
810;27.0;14.47262151;50;10
820;30.0;14.589674806;50;10
830;27.0;14.733211656;50;10
840;33.0;14.83540951;50;10
850;33.0;14.938194407;50;10
860;28.0;15.051047128;50;10
870;28.0;15.190971423;50;10
880;28.0;15.36363145;50;10
890;33.0;15.436145077;50;10
900;30.0;15.567747943;50;10
910;30.0;15.673197764;50;10
920;32.0;15.803595131;50;10
930;33.0;15.928045269;50;10
940;30.0;16.008676557;50;10
950;33.0;16.138272327;50;10
960;33.0;16.241347584;50;10
970;30.0;16.462974087;50;10
980;30.0;16.599267957;50;10
990;30.0;16.674185398;50;10
1000;33.0;16.799230592;50;10
10;7.0;0.473686046;50;10
20;7.0;1.113524924;50;10
30;6.0;1.63934469;50;10
40;6.0;2.042000535;50;10
50;9.0;2.505329174;50;10
60;10.0;2.954851282;50;10
70;10.0;3.357213423;50;10
80;9.0;3.610114392;50;10
90;7.0;3.828826482;50;10
100;10.0;3.940710547;50;10
110;10.0;4.139170619;50;10
120;10.0;4.385577609;50;10
130;7.0;4.538540478;50;10
140;7.0;4.763068839;50;10
150;12.0;4.876217838;50;10
160;10.0;4.947428629;50;10
170;9.0;5.04719812;50;10
180;12.0;5.28896402;50;10
190;11.0;5.444509335;50;10
200;9.0;5.57155828;50;10
210;10.0;5.765418072;50;10
220;9.0;5.903994794;50;10
230;9.0;6.145506292;50;10
240;9.0;6.32077879;50;10
250;9.0;6.461241973;50;10
260;9.0;6.640340792;50;10
270;9.0;6.880943793;50;10
280;10.0;7.046890831;50;10
290;9.0;7.259612044;50;10
300;9.0;7.357593414;50;10
310;10.0;7.50875517;50;10
320;9.0;7.731965842;50;10
330;10.0;7.893683817;50;10
340;10.0;8.149654433;50;10
350;10.0;8.349549975;50;10
360;10.0;8.5053601;50;10
370;10.0;8.702141381;50;10
380;10.0;8.860330022;50;10
390;12.0;9.022479731;50;10
400;12.0;9.238946936;50;10
410;12.0;9.406615782;50;10
420;12.0;9.586349632;50;10
430;16.0;9.727985661;50;10
440;12.0;9.861597512;50;10
450;12.0;10.016687338;50;10
460;12.0;10.170904963;50;10
470;17.0;10.335249437;50;10
480;17.0;10.511591994;50;10
490;17.0;10.669539007;50;10
500;17.0;10.752506034;50;10
510;17.0;10.849741358;50;10
520;17.0;10.967213057;50;10
530;18.0;11.107272927;50;10
540;18.0;11.206422738;50;10
550;18.0;11.250136717;50;10
560;18.0;11.382566835;50;10
570;21.0;11.536596353;50;10
580;21.0;11.68317484;50;10
590;18.0;11.760441911;50;10
600;21.0;11.891198719;50;10
610;18.0;11.990850538;50;10
620;23.0;12.111273783;50;10
630;18.0;12.214617474;50;10
640;21.0;12.294917577;50;10
650;21.0;12.410414999;50;10
660;21.0;12.554925451;50;10
670;18.0;12.712305445;50;10
680;21.0;12.834703636;50;10
690;18.0;12.931466311;50;10
700;21.0;13.036176773;50;10
710;18.0;13.18162481;50;10
720;18.0;13.296327335;50;10
730;18.0;13.418904567;50;10
740;18.0;13.493629251;50;10
750;18.0;13.651160444;50;10
760;18.0;13.745359746;50;10
770;21.0;13.830330151;50;10
780;18.0;13.932616613;50;10
790;18.0;14.011027228;50;10
800;18.0;14.170176102;50;10
810;18.0;14.298283377;50;10
820;18.0;14.438567654;50;10
830;18.0;14.557494574;50;10
840;21.0;14.704927648;50;10
850;18.0;14.782295244;50;10
860;18.0;14.89880271;50;10
870;21.0;15.156164481;50;10
880;18.0;15.330503618;50;10
890;18.0;15.422188688;50;10
900;18.0;15.557402562;50;10
910;18.0;15.664687361;50;10
920;18.0;15.818858092;50;10
930;18.0;15.914443574;50;10
940;19.0;16.025347715;50;10
950;18.0;16.138535186;50;10
960;18.0;16.301664035;50;10
970;18.0;16.396997566;50;10
980;18.0;16.520436427;50;10
990;18.0;16.636454918;50;10
1000;22.0;16.758549125;50;10
10;7.0;0.587530078;50;10
20;11.0;1.102254595;50;10
30;11.0;1.573168304;50;10
40;11.0;2.169426131;50;10
50;11.0;2.506010079;50;10
60;11.0;2.839743972;50;10
70;11.0;3.307748887;50;10
80;11.0;3.559211041;50;10
90;11.0;3.822998218;50;10
100;11.0;4.036152603;50;10
110;12.0;4.161191268;50;10
120;11.0;4.4154266;50;10
130;12.0;4.626640014;50;10
140;11.0;4.814907104;50;10
150;11.0;5.00821779;50;10
160;11.0;5.106807668;50;10
170;12.0;5.372035136;50;10
180;12.0;5.559891906;50;10
190;12.0;5.6529629;50;10
200;12.0;5.855733842;50;10
210;12.0;5.993522255;50;10
220;12.0;6.295403575;50;10
230;13.0;6.5934902;50;10
240;14.0;6.745669873;50;10
250;12.0;6.971491806;50;10
260;13.0;7.168097479;50;10
270;12.0;7.292124042;50;10
280;12.0;7.486915062;50;10
290;13.0;7.606801911;50;10
300;12.0;7.767868173;50;10
310;13.0;7.872731217;50;10
320;12.0;8.036162939;50;10
330;12.0;8.142580474;50;10
340;12.0;8.245858228;50;10
350;13.0;8.446326034;50;10
360;12.0;8.647981551;50;10
370;12.0;8.801746293;50;10
380;12.0;8.995498532;50;10
390;13.0;9.134323532;50;10
400;12.0;9.38945245;50;10
410;13.0;9.554010414;50;10
420;13.0;9.715303615;50;10
430;13.0;10.024860801;50;10
440;12.0;10.201763261;50;10
450;12.0;10.390856199;50;10
460;12.0;10.550406127;50;10
470;12.0;10.733601478;50;10
480;13.0;10.878367737;50;10
490;12.0;10.973125077;50;10
500;12.0;11.09565223;50;10
510;12.0;11.214939758;50;10
520;12.0;11.317610252;50;10
530;13.0;11.411698928;50;10
540;12.0;11.534963638;50;10
550;13.0;11.687914548;50;10
560;13.0;11.829408138;50;10
570;13.0;11.930413118;50;10
580;13.0;12.069935169;50;10
590;13.0;12.155997956;50;10
600;13.0;12.292789194;50;10
610;13.0;12.392736547;50;10
620;14.0;12.472718615;50;10
630;13.0;12.591940231;50;10
640;13.0;12.785229479;50;10
650;14.0;12.912897544;50;10
660;13.0;13.038855191;50;10
670;13.0;13.128436488;50;10
680;13.0;13.251275391;50;10
690;14.0;13.384937797;50;10
700;13.0;13.473524766;50;10
710;14.0;13.595946193;50;10
720;14.0;13.688767224;50;10
730;14.0;13.852652663;50;10
740;14.0;13.942140799;50;10
750;15.0;14.028958899;50;10
760;14.0;14.147373779;50;10
770;14.0;14.230721958;50;10
780;14.0;14.385993927;50;10
790;14.0;14.523055358;50;10
800;14.0;14.646102324;50;10
810;15.0;14.726395962;50;10
820;15.0;14.86542637;50;10
830;17.0;14.986014035;50;10
840;15.0;15.075465145;50;10
850;17.0;15.211251846;50;10
860;17.0;15.331940039;50;10
870;16.0;15.503219214;50;10
880;17.0;15.611951704;50;10
890;17.0;15.74264166;50;10
900;16.0;15.848082494;50;10
910;17.0;16.001983596;50;10
920;17.0;16.133551551;50;10
930;15.0;16.250103447;50;10
940;15.0;16.377281658;50;10
950;16.0;16.509957406;50;10
960;18.0;16.594251796;50;10
970;17.0;16.721337352;50;10
980;17.0;16.823683458;50;10
990;15.0;16.962707313;50;10
1000;17.0;17.046645563;50;10
10;7.0;0.519077737;50;10
20;10.0;1.01243126;50;10
30;10.0;1.493961429;50;10
40;14.0;2.118896823;50;10
50;14.0;2.496281116;50;10
60;14.0;2.829546106;50;10
70;17.0;3.134092685;50;10
80;14.0;3.529134507;50;10
90;14.0;3.775908272;50;10
100;14.0;4.012617051;50;10
110;19.0;4.128656003;50;10
120;17.0;4.448995069;50;10
130;16.0;4.654280093;50;10
140;16.0;4.790867518;50;10
150;17.0;4.952648034;50;10
160;17.0;5.29180852;50;10
170;17.0;5.442197131;50;10
180;17.0;5.481984604;50;10
190;14.0;5.667350321;50;10
200;17.0;5.762831051;50;10
210;14.0;5.898717674;50;10
220;14.0;6.098016587;50;10
230;14.0;6.251122752;50;10
240;14.0;6.50943846;50;10
250;16.0;6.677594112;50;10
260;14.0;6.967144588;50;10
270;14.0;7.120246467;50;10
280;14.0;7.246090954;50;10
290;17.0;7.485955964;50;10
300;17.0;7.619200927;50;10
310;18.0;7.805196342;50;10
320;18.0;7.920124887;50;10
330;18.0;8.124889432;50;10
340;18.0;8.389224528;50;10
350;17.0;8.537969405;50;10
360;17.0;8.711717555;50;10
370;14.0;8.879759018;50;10
380;17.0;9.051659774;50;10
390;14.0;9.25219516;50;10
400;14.0;9.414692675;50;10
410;14.0;9.561133375;50;10
420;14.0;9.696481295;50;10
430;14.0;9.88600444;50;10
440;17.0;10.092432255;50;10
450;14.0;10.246987442;50;10
460;14.0;10.378919916;50;10
470;14.0;10.590129301;50;10
480;17.0;10.754094654;50;10
490;17.0;10.96611421;50;10
500;14.0;11.053217533;50;10
510;17.0;11.159284658;50;10
520;18.0;11.302044672;50;10
530;17.0;11.476681302;50;10
540;17.0;11.628463869;50;10
550;17.0;11.781051959;50;10
560;18.0;11.850855131;50;10
570;17.0;11.977707351;50;10
580;17.0;12.093050905;50;10
590;17.0;12.168947093;50;10
600;18.0;12.323474879;50;10
610;17.0;12.52283269;50;10
620;17.0;12.624821921;50;10
630;17.0;12.738577959;50;10
640;18.0;12.868124114;50;10
650;17.0;13.005708055;50;10
660;18.0;13.082326733;50;10
670;17.0;13.191737587;50;10
680;17.0;13.297330211;50;10
690;18.0;13.404923425;50;10
700;17.0;13.538293657;50;10
710;18.0;13.644922428;50;10
720;17.0;13.794162546;50;10
730;18.0;13.950904389;50;10
740;17.0;14.045061767;50;10
750;17.0;14.136809467;50;10
760;18.0;14.281618643;50;10
770;19.0;14.424831155;50;10
780;19.0;14.57265667;50;10
790;17.0;14.689479583;50;10
800;18.0;14.82844231;50;10
810;17.0;14.923818012;50;10
820;19.0;15.040105393;50;10
830;17.0;15.13842146;50;10
840;19.0;15.287496471;50;10
850;18.0;15.426652366;50;10
860;17.0;15.546844548;50;10
870;17.0;15.683186027;50;10
880;18.0;15.786875675;50;10
890;17.0;15.93779971;50;10
900;17.0;16.046110665;50;10
910;18.0;16.150942224;50;10
920;17.0;16.270659186;50;10
930;17.0;16.388272767;50;10
940;21.0;16.458216953;50;10
950;19.0;16.538936437;50;10
960;20.0;16.676663493;50;10
970;19.0;16.787670471;50;10
980;19.0;16.906878447;50;10
990;19.0;16.990531275;50;10
1000;19.0;17.047750409;50;10
10;6.0;0.469361247;50;10
20;6.0;0.977363118;50;10
30;7.0;1.454003;50;10
40;7.0;2.076453363;50;10
50;7.0;2.52801806;50;10
60;7.0;2.911983202;50;10
70;6.0;3.379606696;50;10
80;6.0;3.621087701;50;10
90;6.0;3.838006797;50;10
100;6.0;3.961457713;50;10
110;7.0;4.231166054;50;10
120;8.0;4.531591479;50;10
130;6.0;4.84240429;50;10
140;6.0;4.99806036;50;10
150;8.0;5.093266527;50;10
160;8.0;5.342807217;50;10
170;8.0;5.403770759;50;10
180;8.0;5.481499021;50;10
190;8.0;5.606845201;50;10
200;8.0;5.744383201;50;10
210;8.0;5.963875111;50;10
220;9.0;6.011255154;50;10
230;8.0;6.241529426;50;10
240;8.0;6.431092815;50;10
250;11.0;6.630021551;50;10
260;10.0;6.842436793;50;10
270;9.0;7.040732808;50;10
280;11.0;7.237180418;50;10
290;8.0;7.35545524;50;10
300;9.0;7.504490457;50;10
310;8.0;7.649069819;50;10
320;11.0;7.755631306;50;10
330;9.0;8.111339002;50;10
340;8.0;8.303443597;50;10
350;8.0;8.444542902;50;10
360;9.0;8.63561901;50;10
370;9.0;8.806331803;50;10
380;8.0;9.011894408;50;10
390;9.0;9.331432144;50;10
400;9.0;9.482591198;50;10
410;9.0;9.653610877;50;10
420;11.0;9.744668295;50;10
430;9.0;9.926853459;50;10
440;12.0;10.060750112;50;10
450;14.0;10.220332697;50;10
460;14.0;10.375337368;50;10
470;11.0;10.56098795;50;10
480;14.0;10.714274408;50;10
490;12.0;10.788681038;50;10
500;12.0;10.924424349;50;10
510;9.0;11.049279323;50;10
520;9.0;11.176748864;50;10
530;9.0;11.364667508;50;10
540;11.0;11.509680569;50;10
550;14.0;11.671910249;50;10
560;9.0;11.770253254;50;10
570;12.0;11.901363985;50;10
580;12.0;12.021455237;50;10
590;9.0;12.142008148;50;10
600;12.0;12.247314399;50;10
610;9.0;12.290718933;50;10
620;9.0;12.403770303;50;10
630;9.0;12.523055145;50;10
640;11.0;12.628254224;50;10
650;9.0;12.726165778;50;10
660;9.0;12.845800074;50;10
670;11.0;12.942434034;50;10
680;11.0;13.050871629;50;10
690;11.0;13.19081191;50;10
700;11.0;13.316008066;50;10
710;11.0;13.410875887;50;10
720;11.0;13.521186466;50;10
730;11.0;13.684708117;50;10
740;11.0;13.844010902;50;10
750;11.0;13.912223826;50;10
760;11.0;14.031586843;50;10
770;11.0;14.209866947;50;10
780;12.0;14.325911498;50;10
790;12.0;14.447544116;50;10
800;14.0;14.560332738;50;10
810;12.0;14.698244878;50;10
820;12.0;14.829441162;50;10
830;12.0;14.912802324;50;10
840;12.0;15.035786039;50;10
850;14.0;15.188122068;50;10
860;12.0;15.362058209;50;10
870;14.0;15.482154434;50;10
880;14.0;15.586815803;50;10
890;14.0;15.690724943;50;10
900;14.0;15.848228733;50;10
910;14.0;15.956280528;50;10
920;14.0;16.093319128;50;10
930;15.0;16.171648273;50;10
940;14.0;16.296190605;50;10
950;14.0;16.396505657;50;10
960;14.0;16.52427494;50;10
970;14.0;16.645856025;50;10
980;14.0;16.777863374;50;10
990;15.0;16.8721563;50;10
1000;14.0;16.938903865;50;10
10;9.0;0.466841545;50;10
20;4.0;0.920037316;50;10
30;4.0;1.388436613;50;10
40;4.0;2.188317443;50;10
50;11.0;2.469189304;50;10
60;9.0;2.86371229;50;10
70;11.0;3.296969835;50;10
80;11.0;3.542051736;50;10
90;9.0;3.811110937;50;10
100;12.0;4.116492511;50;10
110;18.0;4.333730915;50;10
120;9.0;4.457886545;50;10
130;9.0;4.589893502;50;10
140;9.0;4.800673245;50;10
150;9.0;4.891441388;50;10
160;9.0;5.057826876;50;10
170;9.0;5.280576056;50;10
180;16.0;5.525554366;50;10
190;16.0;5.831119987;50;10
200;16.0;5.939794768;50;10
210;16.0;6.03656908;50;10
220;16.0;6.270127243;50;10
230;16.0;6.425922765;50;10
240;20.0;6.50414639;50;10
250;16.0;6.664508943;50;10
260;16.0;6.860429911;50;10
270;16.0;6.97581641;50;10
280;16.0;7.131428866;50;10
290;16.0;7.310274215;50;10
300;20.0;7.56533583;50;10
310;20.0;7.689509993;50;10
320;20.0;7.882923477;50;10
330;21.0;8.056880523;50;10
340;20.0;8.252258273;50;10
350;20.0;8.460388458;50;10
360;20.0;8.607060143;50;10
370;17.0;8.814580848;50;10
380;17.0;9.007200738;50;10
390;17.0;9.181320984;50;10
400;20.0;9.278334094;50;10
410;20.0;9.369124678;50;10
420;20.0;9.501449168;50;10
430;20.0;9.648071203;50;10
440;20.0;9.767640833;50;10
450;20.0;9.936725875;50;10
460;17.0;10.08400832;50;10
470;17.0;10.279623236;50;10
480;17.0;10.472059464;50;10
490;17.0;10.616816876;50;10
500;18.0;10.847727342;50;10
510;17.0;10.899852829;50;10
520;20.0;11.02739501;50;10
530;18.0;11.159512533;50;10
540;19.0;11.276006768;50;10
550;17.0;11.432473688;50;10
560;19.0;11.561264578;50;10
570;19.0;11.735020603;50;10
580;17.0;11.848396126;50;10
590;17.0;11.973362983;50;10
600;17.0;12.103822134;50;10
610;18.0;12.243226912;50;10
620;18.0;12.4018919;50;10
630;17.0;12.524112072;50;10
640;17.0;12.684137637;50;10
650;17.0;12.789722679;50;10
660;17.0;12.906412584;50;10
670;17.0;13.040253848;50;10
680;18.0;13.151542395;50;10
690;17.0;13.302529779;50;10
700;18.0;13.42123077;50;10
710;17.0;13.533048813;50;10
720;19.0;13.638658009;50;10
730;17.0;13.798015716;50;10
740;18.0;13.862600332;50;10
750;18.0;13.945567927;50;10
760;17.0;14.06965871;50;10
770;17.0;14.18115265;50;10
780;18.0;14.35554918;50;10
790;17.0;14.495502876;50;10
800;17.0;14.583183835;50;10
810;18.0;14.725285267;50;10
820;17.0;14.856207042;50;10
830;17.0;14.945484821;50;10
840;18.0;15.056766077;50;10
850;17.0;15.265782402;50;10
860;18.0;15.434059407;50;10
870;18.0;15.536395482;50;10
880;18.0;15.645562449;50;10
890;18.0;15.768892388;50;10
900;18.0;15.939602478;50;10
910;19.0;16.068985807;50;10
920;18.0;16.20433253;50;10
930;19.0;16.305161984;50;10
940;19.0;16.500126673;50;10
950;19.0;16.593612973;50;10
960;19.0;16.709466479;50;10
970;18.0;16.841726619;50;10
980;19.0;16.913739985;50;10
990;18.0;16.991755129;50;10
1000;19.0;17.055692926;50;10
10;7.0;0.402801698;50;10
20;9.0;0.996122178;50;10
30;9.0;1.458437557;50;10
40;14.0;2.074195964;50;10
50;9.0;2.413971655;50;10
60;12.0;2.796424645;50;10
70;9.0;3.216314752;50;10
80;14.0;3.491113313;50;10
90;9.0;3.754934063;50;10
100;9.0;4.069330556;50;10
110;11.0;4.4260824;50;10
120;9.0;4.568294687;50;10
130;9.0;4.770632725;50;10
140;11.0;4.866587153;50;10
150;9.0;5.054660636;50;10
160;9.0;5.108146324;50;10
170;11.0;5.448346556;50;10
180;11.0;5.539296534;50;10
190;11.0;5.802609455;50;10
200;11.0;5.920295752;50;10
210;11.0;6.070069729;50;10
220;11.0;6.21967133;50;10
230;11.0;6.373116356;50;10
240;9.0;6.444583998;50;10
250;11.0;6.646503401;50;10
260;9.0;6.880585327;50;10
270;9.0;7.026942696;50;10
280;9.0;7.202306099;50;10
290;14.0;7.400420362;50;10
300;9.0;7.521472197;50;10
310;14.0;7.680165547;50;10
320;11.0;7.904914922;50;10
330;9.0;8.008094687;50;10
340;11.0;8.20453943;50;10
350;11.0;8.380312853;50;10
360;11.0;8.518563655;50;10
370;14.0;8.664607969;50;10
380;14.0;8.816573553;50;10
390;11.0;8.95899261;50;10
400;11.0;9.134447107;50;10
410;11.0;9.222807704;50;10
420;14.0;9.38294037;50;10
430;11.0;9.526949139;50;10
440;11.0;9.671143263;50;10
450;11.0;9.906438531;50;10
460;11.0;10.051620422;50;10
470;11.0;10.212644285;50;10
480;11.0;10.339160563;50;10
490;11.0;10.543415756;50;10
500;11.0;10.705671171;50;10
510;11.0;10.848414067;50;10
520;12.0;10.981894574;50;10
530;14.0;11.091682553;50;10
540;11.0;11.224191582;50;10
550;11.0;11.460464995;50;10
560;11.0;11.607229308;50;10
570;11.0;11.738729103;50;10
580;14.0;11.811527696;50;10
590;14.0;11.934197961;50;10
600;14.0;12.051928429;50;10
610;11.0;12.200841689;50;10
620;11.0;12.331879281;50;10
630;13.0;12.428960652;50;10
640;11.0;12.531809532;50;10
650;13.0;12.612969526;50;10
660;13.0;12.768069441;50;10
670;13.0;12.883861395;50;10
680;15.0;13.016104748;50;10
690;13.0;13.131325011;50;10
700;11.0;13.273649987;50;10
710;11.0;13.363708513;50;10
720;13.0;13.48803973;50;10
730;13.0;13.597001438;50;10
740;11.0;13.753012138;50;10
750;11.0;13.946672578;50;10
760;11.0;14.041796103;50;10
770;11.0;14.154019162;50;10
780;13.0;14.316969754;50;10
790;13.0;14.460715707;50;10
800;13.0;14.556496929;50;10
810;15.0;14.679754869;50;10
820;15.0;14.8104453;50;10
830;15.0;14.93952722;50;10
840;15.0;15.170045146;50;10
850;13.0;15.349278123;50;10
860;13.0;15.436534814;50;10
870;13.0;15.554684258;50;10
880;13.0;15.66441467;50;10
890;14.0;15.749048631;50;10
900;13.0;15.895623914;50;10
910;13.0;16.008427772;50;10
920;14.0;16.141545521;50;10
930;15.0;16.243790164;50;10
940;15.0;16.477787633;50;10
950;13.0;16.5951084;50;10
960;13.0;16.699696611;50;10
970;13.0;16.839232246;50;10
980;14.0;16.926285841;50;10
990;13.0;17.001547376;50;10
1000;14.0;17.044155622;50;10
10;6.0;0.493795771;50;10
20;6.0;1.095900124;50;10
30;6.0;1.499529369;50;10
40;6.0;1.967679848;50;10
50;9.0;2.338746735;50;10
60;8.0;2.803242566;50;10
70;6.0;3.207266973;50;10
80;9.0;3.614263373;50;10
90;8.0;3.867206971;50;10
100;9.0;4.080428788;50;10
110;7.0;4.424451113;50;10
120;7.0;4.701055074;50;10
130;6.0;4.892648242;50;10
140;10.0;5.107507188;50;10
150;10.0;5.335464036;50;10
160;6.0;5.403332321;50;10
170;6.0;5.526842414;50;10
180;6.0;5.591546516;50;10
190;6.0;5.851470757;50;10
200;6.0;6.16567317;50;10
210;6.0;6.342577215;50;10
220;6.0;6.524403921;50;10
230;6.0;6.621719231;50;10
240;6.0;6.784091176;50;10
250;9.0;6.978258038;50;10
260;10.0;7.107207171;50;10
270;10.0;7.294602293;50;10
280;10.0;7.453618982;50;10
290;9.0;7.741852547;50;10
300;9.0;7.935550673;50;10
310;10.0;8.034485305;50;10
320;9.0;8.274783867;50;10
330;9.0;8.392550935;50;10
340;9.0;8.610326601;50;10
350;10.0;8.772906765;50;10
360;10.0;8.977156053;50;10
370;10.0;9.129340217;50;10
380;10.0;9.303043335;50;10
390;10.0;9.434124505;50;10
400;11.0;9.533099916;50;10
410;10.0;9.688961841;50;10
420;10.0;9.834923406;50;10
430;10.0;10.086268235;50;10
440;10.0;10.280945747;50;10
450;10.0;10.474192886;50;10
460;11.0;10.671580293;50;10
470;10.0;10.929792702;50;10
480;10.0;11.023672252;50;10
490;11.0;11.156783682;50;10
500;10.0;11.285477429;50;10
510;10.0;11.42127512;50;10
520;10.0;11.52111128;50;10
530;10.0;11.625867545;50;10
540;11.0;11.762961985;50;10
550;13.0;11.917045893;50;10
560;10.0;12.02051688;50;10
570;13.0;12.14365576;50;10
580;10.0;12.260729941;50;10
590;10.0;12.410757833;50;10
600;10.0;12.489139554;50;10
610;10.0;12.560274517;50;10
620;10.0;12.673729084;50;10
630;10.0;12.942309254;50;10
640;11.0;13.058681602;50;10
650;10.0;13.174345915;50;10
660;11.0;13.2883417;50;10
670;10.0;13.435725891;50;10
680;11.0;13.54444948;50;10
690;10.0;13.636433803;50;10
700;11.0;13.739816911;50;10
710;11.0;13.858477373;50;10
720;10.0;13.976157607;50;10
730;11.0;14.128355189;50;10
740;11.0;14.240438707;50;10
750;11.0;14.374920083;50;10
760;12.0;14.535667453;50;10
770;11.0;14.68739838;50;10
780;10.0;14.775383254;50;10
790;11.0;14.915855024;50;10
800;11.0;15.039887862;50;10
810;11.0;15.16245164;50;10
820;11.0;15.284694104;50;10
830;10.0;15.418460859;50;10
840;10.0;15.591245716;50;10
850;10.0;15.717741831;50;10
860;10.0;15.847780589;50;10
870;11.0;15.961246599;50;10
880;11.0;16.109752546;50;10
890;11.0;16.186967129;50;10
900;11.0;16.315018427;50;10
910;11.0;16.431582399;50;10
920;11.0;16.60967295;50;10
930;11.0;16.711925086;50;10
940;11.0;16.83931693;50;10
950;12.0;16.944523357;50;10
960;12.0;17.069978111;50;10
970;11.0;17.145117338;50;10
980;11.0;17.215026129;50;10
990;12.0;17.249972846;50;10
1000;11.0;17.280142369;50;10
