a,b,c,d,e,f,g,h,i,j
1,5,64.148,0.659,0.062,161.000,101.000,0.615,0.95,100000
2,5,64.148,0.659,0.063,161.000,101.000,0.615,0.95,100000
3,5,70.305,0.446,0.064,137.000,125.000,0.523,0.95,100000
4,5,68.611,0.458,0.072,140.000,122.000,0.534,0.95,100000
5,5,69.540,0.452,0.073,138.000,124.000,0.527,0.95,100000
6,5,69.613,0.452,0.073,138.000,124.000,0.527,0.95,100000
7,5,69.476,0.454,0.074,138.000,124.000,0.527,0.95,100000
8,5,71.284,0.452,0.075,135.000,127.000,0.515,0.95,100000
9,5,83.449,0.381,0.075,111.000,151.000,0.424,0.95,100000
10,5,83.449,0.381,0.076,111.000,151.000,0.424,0.95,100000
11,5,84.546,0.373,0.077,111.000,151.000,0.424,0.95,100000
12,5,82.544,0.323,0.077,103.000,159.000,0.393,0.95,100000
13,5,82.949,0.318,0.078,104.000,158.000,0.397,0.95,100000
14,5,83.088,0.333,0.079,103.000,159.000,0.393,0.95,100000
15,5,83.088,0.333,0.079,103.000,159.000,0.393,0.95,100000
16,5,83.183,0.333,0.080,103.000,159.000,0.393,0.95,100000
17,5,81.546,0.337,0.081,103.000,159.000,0.393,0.95,100000
18,5,78.972,0.337,0.081,103.000,159.000,0.393,0.95,100000
19,5,78.946,0.337,0.082,103.000,159.000,0.393,0.95,100000
20,5,80.687,0.337,0.083,103.000,159.000,0.393,0.95,100000
21,5,80.687,0.337,0.083,103.000,159.000,0.393,0.95,100000
22,5,80.687,0.337,0.084,103.000,159.000,0.393,0.95,100000
23,5,80.565,0.337,0.084,103.000,159.000,0.393,0.95,100000
24,5,73.497,0.337,0.085,103.000,159.000,0.393,0.95,100000
25,5,73.497,0.337,0.086,103.000,159.000,0.393,0.95,100000
26,5,74.834,0.371,0.087,111.000,151.000,0.424,0.95,100000
27,5,78.902,0.371,0.087,111.000,151.000,0.424,0.95,100000
28,5,78.902,0.371,0.088,111.000,151.000,0.424,0.95,100000
29,5,80.823,0.371,0.386,111.000,151.000,0.424,0.95,100000
30,5,79.632,0.396,0.387,117.000,145.000,0.447,0.95,100000
31,5,79.385,0.396,0.387,117.000,145.000,0.447,0.95,100000
32,5,79.433,0.396,0.388,117.000,145.000,0.447,0.95,100000
33,5,79.438,0.396,0.392,117.000,145.000,0.447,0.95,100000
34,5,77.610,0.396,0.412,117.000,145.000,0.447,0.95,100000
35,5,71.608,0.560,0.413,143.000,119.000,0.546,0.95,100000
36,5,78.749,0.396,0.414,117.000,145.000,0.447,0.95,100000
37,5,78.749,0.396,0.414,117.000,145.000,0.447,0.95,100000
38,5,78.626,0.396,0.583,117.000,145.000,0.447,0.95,100000
39,5,78.706,0.396,0.583,117.000,145.000,0.447,0.95,100000
40,5,75.292,0.487,0.584,134.000,128.000,0.511,0.95,100000
41,5,74.980,0.523,0.585,138.000,124.000,0.527,0.95,100000
42,5,75.620,0.523,0.585,138.000,124.000,0.527,0.95,100000
43,5,75.027,0.400,0.586,118.000,144.000,0.450,0.95,100000
44,5,69.199,0.491,0.587,133.000,129.000,0.508,0.95,100000
45,5,69.212,0.493,0.587,133.000,129.000,0.508,0.95,100000
46,5,69.212,0.493,0.588,133.000,129.000,0.508,0.95,100000
47,5,67.609,0.592,0.588,148.000,114.000,0.565,0.95,100000
48,5,65.280,0.615,0.589,152.000,110.000,0.580,0.95,100000
49,5,65.264,0.615,0.590,152.000,110.000,0.580,0.95,100000
50,5,64.529,0.621,0.590,158.000,104.000,0.603,0.95,100000
51,5,61.534,0.661,0.591,157.000,105.000,0.599,0.95,100000
52,5,66.349,0.613,0.592,148.000,114.000,0.565,0.95,100000
53,5,65.629,0.613,0.593,148.000,114.000,0.565,0.95,100000
54,5,66.132,0.613,0.593,148.000,114.000,0.565,0.95,100000
55,5,66.132,0.613,0.594,148.000,114.000,0.565,0.95,100000
56,5,66.132,0.613,0.595,148.000,114.000,0.565,0.95,100000
57,5,66.132,0.613,0.596,148.000,114.000,0.565,0.95,100000
58,5,66.132,0.613,0.597,148.000,114.000,0.565,0.95,100000
59,5,66.166,0.613,0.597,148.000,114.000,0.565,0.95,100000
60,5,66.166,0.613,0.598,148.000,114.000,0.565,0.95,100000
61,5,66.166,0.613,0.598,148.000,114.000,0.565,0.95,100000
62,5,66.166,0.613,0.599,148.000,114.000,0.565,0.95,100000
63,5,71.874,0.533,0.599,136.000,126.000,0.519,0.95,100000
64,5,71.809,0.531,0.600,135.000,127.000,0.515,0.95,100000
65,5,71.022,0.540,0.601,141.000,121.000,0.538,0.95,100000
66,5,71.026,0.540,0.602,141.000,121.000,0.538,0.95,100000
67,5,71.026,0.540,0.602,141.000,121.000,0.538,0.95,100000
68,5,70.480,0.552,0.603,138.000,124.000,0.527,0.95,100000
69,5,60.592,0.673,0.604,157.000,105.000,0.599,0.95,100000
70,5,60.592,0.673,0.604,157.000,105.000,0.599,0.95,100000
71,5,60.070,0.659,0.605,152.000,110.000,0.580,0.95,100000
72,5,60.070,0.659,0.605,152.000,110.000,0.580,0.95,100000
73,5,60.070,0.659,0.606,152.000,110.000,0.580,0.95,100000
74,5,60.070,0.659,0.607,152.000,110.000,0.580,0.95,100000
75,5,60.023,0.661,0.607,152.000,110.000,0.580,0.95,100000
76,5,60.112,0.661,0.608,152.000,110.000,0.580,0.95,100000
77,5,60.144,0.661,0.608,153.000,109.000,0.584,0.95,100000
78,5,60.144,0.661,0.613,153.000,109.000,0.584,0.95,100000
79,5,58.580,0.675,0.614,158.000,104.000,0.603,0.95,100000
80,5,58.580,0.675,0.614,158.000,104.000,0.603,0.95,100000
81,5,58.385,0.675,0.615,158.000,104.000,0.603,0.95,100000
82,5,58.385,0.675,0.616,158.000,104.000,0.603,0.95,100000
83,5,58.385,0.675,0.616,158.000,104.000,0.603,0.95,100000
84,5,56.818,0.675,0.617,158.000,104.000,0.603,0.95,100000
85,5,56.818,0.675,0.617,158.000,104.000,0.603,0.95,100000
86,5,56.800,0.675,0.618,157.000,105.000,0.599,0.95,100000
87,5,56.800,0.675,0.618,157.000,105.000,0.599,0.95,100000
88,5,56.952,0.673,0.621,158.000,104.000,0.603,0.95,100000
89,5,57.005,0.673,0.621,156.000,106.000,0.595,0.95,100000
90,5,57.005,0.673,0.622,156.000,106.000,0.595,0.95,100000
91,5,57.005,0.673,0.623,156.000,106.000,0.595,0.95,100000
92,5,57.005,0.673,0.623,156.000,106.000,0.595,0.95,100000
93,5,57.005,0.673,0.624,156.000,106.000,0.595,0.95,100000
94,5,60.745,0.673,0.625,156.000,106.000,0.595,0.95,100000
95,5,60.745,0.673,0.625,156.000,106.000,0.595,0.95,100000
96,5,64.360,0.671,0.625,156.000,106.000,0.595,0.95,100000
97,5,64.360,0.671,0.626,156.000,106.000,0.595,0.95,100000
98,5,60.217,0.673,0.626,156.000,106.000,0.595,0.95,100000
99,5,60.217,0.673,0.627,156.000,106.000,0.595,0.95,100000
100,5,61.125,0.673,0.627,156.000,106.000,0.595,0.95,100000
1,2,78.481,0.320,0.110,106.000,156.000,0.405,0.95,100000
2,2,78.481,0.320,0.111,106.000,156.000,0.405,0.95,100000
3,2,78.749,0.335,0.112,102.000,160.000,0.389,0.95,100000
4,2,78.749,0.335,0.113,102.000,160.000,0.389,0.95,100000
5,2,78.762,0.335,0.113,102.000,160.000,0.389,0.95,100000
6,2,76.590,0.335,0.114,102.000,160.000,0.389,0.95,100000
7,2,76.738,0.335,0.115,102.000,160.000,0.389,0.95,100000
8,2,73.704,0.339,0.115,102.000,160.000,0.389,0.95,100000
9,2,73.704,0.339,0.116,102.000,160.000,0.389,0.95,100000
10,2,73.704,0.339,0.117,102.000,160.000,0.389,0.95,100000
11,2,76.719,0.333,0.117,102.000,160.000,0.389,0.95,100000
12,2,76.589,0.337,0.118,108.000,154.000,0.412,0.95,100000
13,2,76.589,0.337,0.119,108.000,154.000,0.412,0.95,100000
14,2,76.256,0.337,0.119,108.000,154.000,0.412,0.95,100000
15,2,69.668,0.345,0.120,111.000,151.000,0.424,0.95,100000
16,2,68.231,0.347,0.121,112.000,150.000,0.427,0.95,100000
17,2,68.231,0.347,0.121,112.000,150.000,0.427,0.95,100000
18,2,67.282,0.347,0.122,114.000,148.000,0.435,0.95,100000
19,2,67.201,0.349,0.122,111.000,151.000,0.424,0.95,100000
20,2,59.647,0.566,0.123,156.000,106.000,0.595,0.95,100000
21,2,59.647,0.566,0.124,156.000,106.000,0.595,0.95,100000
22,2,59.647,0.566,0.125,156.000,106.000,0.595,0.95,100000
23,2,65.924,0.383,0.125,116.000,146.000,0.443,0.95,100000
24,2,65.924,0.383,0.126,116.000,146.000,0.443,0.95,100000
25,2,77.310,0.367,0.127,115.000,147.000,0.439,0.95,100000
26,2,77.321,0.367,0.127,114.000,148.000,0.435,0.95,100000
27,2,75.304,0.398,0.128,112.000,150.000,0.427,0.95,100000
28,2,84.010,0.369,0.129,105.000,157.000,0.401,0.95,100000
29,2,82.225,0.381,0.130,99.000,163.000,0.378,0.95,100000
30,2,79.441,0.387,0.130,99.000,163.000,0.378,0.95,100000
31,2,77.390,0.393,0.131,99.000,163.000,0.378,0.95,100000
32,2,82.660,0.337,0.132,99.000,163.000,0.378,0.95,100000
33,2,82.660,0.337,0.132,99.000,163.000,0.378,0.95,100000
34,2,83.942,0.337,0.133,99.000,163.000,0.378,0.95,100000
35,2,84.006,0.337,0.134,99.000,163.000,0.378,0.95,100000
36,2,84.674,0.337,0.134,99.000,163.000,0.378,0.95,100000
37,2,84.809,0.335,0.135,99.000,163.000,0.378,0.95,100000
38,2,84.809,0.335,0.136,99.000,163.000,0.378,0.95,100000
39,2,85.251,0.335,0.136,99.000,163.000,0.378,0.95,100000
40,2,85.287,0.335,0.137,99.000,163.000,0.378,0.95,100000
41,2,85.485,0.333,0.344,100.000,162.000,0.382,0.95,100000
42,2,85.485,0.333,0.344,100.000,162.000,0.382,0.95,100000
43,2,84.711,0.333,0.345,100.000,162.000,0.382,0.95,100000
44,2,84.555,0.333,0.347,100.000,162.000,0.382,0.95,100000
45,2,84.554,0.333,0.364,100.000,162.000,0.382,0.95,100000
46,2,84.553,0.333,0.365,100.000,162.000,0.382,0.95,100000
47,2,85.054,0.333,0.365,100.000,162.000,0.382,0.95,100000
48,2,85.054,0.333,0.366,100.000,162.000,0.382,0.95,100000
49,2,85.054,0.333,0.367,100.000,162.000,0.382,0.95,100000
50,2,85.054,0.333,0.367,100.000,162.000,0.382,0.95,100000
51,2,79.149,0.333,0.368,100.000,162.000,0.382,0.95,100000
52,2,79.149,0.333,0.369,100.000,162.000,0.382,0.95,100000
53,2,79.149,0.333,0.369,100.000,162.000,0.382,0.95,100000
54,2,79.141,0.333,0.370,100.000,162.000,0.382,0.95,100000
55,2,79.107,0.333,0.370,100.000,162.000,0.382,0.95,100000
56,2,79.107,0.333,0.371,100.000,162.000,0.382,0.95,100000
57,2,79.671,0.333,0.372,100.000,162.000,0.382,0.95,100000
58,2,79.112,0.333,0.373,100.000,162.000,0.382,0.95,100000
59,2,79.095,0.333,0.379,100.000,162.000,0.382,0.95,100000
60,2,79.095,0.333,0.380,100.000,162.000,0.382,0.95,100000
61,2,79.096,0.333,0.380,100.000,162.000,0.382,0.95,100000
62,2,79.096,0.333,0.381,100.000,162.000,0.382,0.95,100000
63,2,79.096,0.333,0.384,100.000,162.000,0.382,0.95,100000
64,2,79.096,0.333,0.385,100.000,162.000,0.382,0.95,100000
65,2,73.721,0.333,0.385,100.000,162.000,0.382,0.95,100000
66,2,73.721,0.333,0.386,100.000,162.000,0.382,0.95,100000
67,2,73.721,0.333,0.386,100.000,162.000,0.382,0.95,100000
68,2,73.721,0.333,0.387,100.000,162.000,0.382,0.95,100000
69,2,73.879,0.333,0.388,100.000,162.000,0.382,0.95,100000
70,2,74.393,0.333,0.388,100.000,162.000,0.382,0.95,100000
71,2,74.393,0.333,0.392,100.000,162.000,0.382,0.95,100000
72,2,74.011,0.333,0.393,100.000,162.000,0.382,0.95,100000
73,2,74.002,0.333,0.393,100.000,162.000,0.382,0.95,100000
74,2,78.685,0.333,0.394,100.000,162.000,0.382,0.95,100000
75,2,78.752,0.333,0.395,100.000,162.000,0.382,0.95,100000
76,2,82.931,0.333,0.395,100.000,162.000,0.382,0.95,100000
77,2,82.335,0.333,0.396,100.000,162.000,0.382,0.95,100000
78,2,82.335,0.333,0.397,100.000,162.000,0.382,0.95,100000
79,2,82.335,0.333,0.397,100.000,162.000,0.382,0.95,100000
80,2,82.335,0.333,0.398,100.000,162.000,0.382,0.95,100000
81,2,82.335,0.333,0.398,100.000,162.000,0.382,0.95,100000
82,2,82.408,0.333,0.399,100.000,162.000,0.382,0.95,100000
83,2,82.344,0.333,0.400,100.000,162.000,0.382,0.95,100000
84,2,82.225,0.333,0.400,100.000,162.000,0.382,0.95,100000
85,2,83.062,0.333,0.401,100.000,162.000,0.382,0.95,100000
86,2,94.300,0.333,0.401,100.000,162.000,0.382,0.95,100000
87,2,94.300,0.333,0.402,100.000,162.000,0.382,0.95,100000
88,2,94.300,0.333,0.402,100.000,162.000,0.382,0.95,100000
89,2,94.162,0.335,0.403,100.000,162.000,0.382,0.95,100000
90,2,94.144,0.335,0.403,100.000,162.000,0.382,0.95,100000
91,2,94.316,0.333,0.404,100.000,162.000,0.382,0.95,100000
92,2,94.316,0.333,0.409,100.000,162.000,0.382,0.95,100000
93,2,97.304,0.333,0.409,100.000,162.000,0.382,0.95,100000
94,2,95.553,0.325,0.410,105.000,157.000,0.401,0.95,100000
95,2,97.368,0.323,0.410,105.000,157.000,0.401,0.95,100000
96,2,98.083,0.333,0.410,100.000,162.000,0.382,0.95,100000
97,2,96.250,0.333,0.411,100.000,162.000,0.382,0.95,100000
98,2,96.239,0.333,0.411,100.000,162.000,0.382,0.95,100000
99,2,96.239,0.333,0.411,100.000,162.000,0.382,0.95,100000
100,2,89.519,0.341,0.412,102.000,160.000,0.389,0.95,100000
1,1,74.325,0.373,0.091,106.000,156.000,0.405,0.95,100000
2,1,74.325,0.373,0.091,106.000,156.000,0.405,0.95,100000
3,1,74.325,0.373,0.092,106.000,156.000,0.405,0.95,100000
4,1,74.325,0.373,0.093,106.000,156.000,0.405,0.95,100000
5,1,74.303,0.373,0.094,107.000,155.000,0.408,0.95,100000
6,1,74.303,0.373,0.095,107.000,155.000,0.408,0.95,100000
7,1,66.967,0.533,0.096,128.000,134.000,0.489,0.95,100000
8,1,61.381,0.661,0.096,159.000,103.000,0.607,0.95,100000
9,1,61.381,0.661,0.097,159.000,103.000,0.607,0.95,100000
10,1,66.111,0.345,0.098,101.000,161.000,0.385,0.95,100000
11,1,66.111,0.345,0.098,101.000,161.000,0.385,0.95,100000
12,1,66.165,0.343,0.099,101.000,161.000,0.385,0.95,100000
13,1,66.196,0.343,0.100,101.000,161.000,0.385,0.95,100000
14,1,66.264,0.341,0.101,101.000,161.000,0.385,0.95,100000
15,1,66.264,0.341,0.101,101.000,161.000,0.385,0.95,100000
16,1,66.264,0.341,0.102,101.000,161.000,0.385,0.95,100000
17,1,66.264,0.341,0.103,101.000,161.000,0.385,0.95,100000
18,1,66.222,0.341,0.103,101.000,161.000,0.385,0.95,100000
19,1,66.198,0.341,0.104,101.000,161.000,0.385,0.95,100000
20,1,66.198,0.341,0.105,101.000,161.000,0.385,0.95,100000
21,1,66.198,0.341,0.105,101.000,161.000,0.385,0.95,100000
22,1,66.198,0.341,0.106,101.000,161.000,0.385,0.95,100000
23,1,69.607,0.341,0.106,101.000,161.000,0.385,0.95,100000
24,1,69.607,0.341,0.107,101.000,161.000,0.385,0.95,100000
25,1,69.574,0.341,0.108,101.000,161.000,0.385,0.95,100000
26,1,69.589,0.341,0.109,101.000,161.000,0.385,0.95,100000
27,1,69.589,0.341,0.110,101.000,161.000,0.385,0.95,100000
28,1,69.591,0.341,0.110,101.000,161.000,0.385,0.95,100000
29,1,69.591,0.341,0.111,101.000,161.000,0.385,0.95,100000
30,1,74.680,0.341,0.112,101.000,161.000,0.385,0.95,100000
31,1,65.348,0.341,0.113,101.000,161.000,0.385,0.95,100000
32,1,65.348,0.341,0.113,101.000,161.000,0.385,0.95,100000
33,1,65.348,0.341,0.114,101.000,161.000,0.385,0.95,100000
34,1,65.941,0.341,0.115,101.000,161.000,0.385,0.95,100000
35,1,66.069,0.341,0.116,101.000,161.000,0.385,0.95,100000
36,1,66.069,0.341,0.116,101.000,161.000,0.385,0.95,100000
37,1,66.090,0.343,0.117,101.000,161.000,0.385,0.95,100000
38,1,66.090,0.343,0.118,101.000,161.000,0.385,0.95,100000
39,1,66.091,0.343,0.118,101.000,161.000,0.385,0.95,100000
40,1,64.195,0.341,0.119,101.000,161.000,0.385,0.95,100000
41,1,64.199,0.341,0.121,101.000,161.000,0.385,0.95,100000
42,1,65.810,0.341,0.122,101.000,161.000,0.385,0.95,100000
43,1,61.702,0.627,0.123,158.000,104.000,0.603,0.95,100000
44,1,61.702,0.627,0.123,158.000,104.000,0.603,0.95,100000
45,1,61.696,0.627,0.124,158.000,104.000,0.603,0.95,100000
46,1,61.696,0.627,0.124,158.000,104.000,0.603,0.95,100000
47,1,61.696,0.627,0.125,158.000,104.000,0.603,0.95,100000
48,1,61.692,0.627,0.126,158.000,104.000,0.603,0.95,100000
49,1,61.692,0.627,0.126,158.000,104.000,0.603,0.95,100000
50,1,61.691,0.627,0.128,158.000,104.000,0.603,0.95,100000
51,1,61.691,0.627,0.128,158.000,104.000,0.603,0.95,100000
52,1,60.679,0.627,0.129,156.000,106.000,0.595,0.95,100000
53,1,60.285,0.641,0.130,156.000,106.000,0.595,0.95,100000
54,1,60.285,0.641,0.131,156.000,106.000,0.595,0.95,100000
55,1,60.135,0.641,0.131,156.000,106.000,0.595,0.95,100000
56,1,58.999,0.667,0.132,158.000,104.000,0.603,0.95,100000
57,1,58.615,0.677,0.133,159.000,103.000,0.607,0.95,100000
58,1,58.364,0.677,0.133,159.000,103.000,0.607,0.95,100000
59,1,58.513,0.673,0.134,159.000,103.000,0.607,0.95,100000
60,1,58.513,0.673,0.136,159.000,103.000,0.607,0.95,100000
61,1,58.513,0.673,0.138,159.000,103.000,0.607,0.95,100000
62,1,58.513,0.673,0.138,159.000,103.000,0.607,0.95,100000
63,1,58.512,0.673,0.139,159.000,103.000,0.607,0.95,100000
64,1,58.512,0.673,0.139,159.000,103.000,0.607,0.95,100000
65,1,58.512,0.673,0.140,159.000,103.000,0.607,0.95,100000
66,1,58.515,0.673,0.141,159.000,103.000,0.607,0.95,100000
67,1,58.572,0.671,0.142,159.000,103.000,0.607,0.95,100000
68,1,66.153,0.410,0.143,107.000,155.000,0.408,0.95,100000
69,1,61.704,0.671,0.144,159.000,103.000,0.607,0.95,100000
70,1,61.609,0.675,0.145,159.000,103.000,0.607,0.95,100000
71,1,61.609,0.675,0.145,159.000,103.000,0.607,0.95,100000
72,1,61.609,0.675,0.146,159.000,103.000,0.607,0.95,100000
73,1,61.609,0.675,0.148,159.000,103.000,0.607,0.95,100000
74,1,61.615,0.675,0.148,159.000,103.000,0.607,0.95,100000
75,1,61.617,0.675,0.149,159.000,103.000,0.607,0.95,100000
76,1,61.630,0.675,0.150,160.000,102.000,0.611,0.95,100000
77,1,61.870,0.675,0.150,160.000,102.000,0.611,0.95,100000
78,1,61.870,0.675,0.151,160.000,102.000,0.611,0.95,100000
79,1,61.869,0.673,0.151,160.000,102.000,0.611,0.95,100000
80,1,61.869,0.673,0.155,160.000,102.000,0.611,0.95,100000
81,1,61.810,0.677,0.156,159.000,103.000,0.607,0.95,100000
82,1,61.810,0.677,0.156,159.000,103.000,0.607,0.95,100000
83,1,68.024,0.536,0.157,133.000,129.000,0.508,0.95,100000
84,1,68.024,0.536,0.165,133.000,129.000,0.508,0.95,100000
85,1,68.010,0.536,0.165,133.000,129.000,0.508,0.95,100000
86,1,67.904,0.535,0.166,133.000,129.000,0.508,0.95,100000
87,1,66.709,0.535,0.166,134.000,128.000,0.511,0.95,100000
88,1,66.709,0.535,0.167,134.000,128.000,0.511,0.95,100000
89,1,66.709,0.535,0.168,134.000,128.000,0.511,0.95,100000
90,1,66.700,0.535,0.169,134.000,128.000,0.511,0.95,100000
91,1,66.793,0.535,0.169,134.000,128.000,0.511,0.95,100000
92,1,66.793,0.535,0.170,134.000,128.000,0.511,0.95,100000
93,1,66.793,0.535,0.170,134.000,128.000,0.511,0.95,100000
94,1,66.683,0.535,0.171,135.000,127.000,0.515,0.95,100000
95,1,62.822,0.544,0.205,135.000,127.000,0.515,0.95,100000
96,1,62.822,0.544,0.205,135.000,127.000,0.515,0.95,100000
97,1,62.689,0.548,0.205,137.000,125.000,0.523,0.95,100000
98,1,62.689,0.548,0.206,137.000,125.000,0.523,0.95,100000
99,1,57.517,0.667,0.206,162.000,100.000,0.618,0.95,100000
100,1,57.517,0.667,0.206,162.000,100.000,0.618,0.95,100000
1,4,63.290,0.513,0.138,119.000,143.000,0.454,0.95,100000
2,4,63.290,0.513,0.139,119.000,143.000,0.454,0.95,100000
3,4,63.271,0.513,0.140,119.000,143.000,0.454,0.95,100000
4,4,63.248,0.515,0.141,119.000,143.000,0.454,0.95,100000
5,4,63.171,0.511,0.142,117.000,145.000,0.447,0.95,100000
6,4,65.265,0.333,0.142,100.000,162.000,0.382,0.95,100000
7,4,65.372,0.333,0.143,100.000,162.000,0.382,0.95,100000
8,4,62.261,0.452,0.144,129.000,133.000,0.492,0.95,100000
9,4,62.133,0.452,0.144,129.000,133.000,0.492,0.95,100000
10,4,62.132,0.452,0.145,129.000,133.000,0.492,0.95,100000
11,4,63.331,0.410,0.146,121.000,141.000,0.462,0.95,100000
12,4,63.329,0.410,0.146,121.000,141.000,0.462,0.95,100000
13,4,57.471,0.680,0.147,158.000,104.000,0.603,0.95,100000
14,4,57.257,0.680,0.148,158.000,104.000,0.603,0.95,100000
15,4,67.465,0.410,0.148,122.000,140.000,0.466,0.95,100000
16,4,67.347,0.410,0.149,122.000,140.000,0.466,0.95,100000
17,4,67.831,0.394,0.150,117.000,145.000,0.447,0.95,100000
18,4,67.830,0.394,0.151,117.000,145.000,0.447,0.95,100000
19,4,67.829,0.394,0.152,117.000,145.000,0.447,0.95,100000
20,4,77.144,0.394,0.153,117.000,145.000,0.447,0.95,100000
21,4,77.146,0.394,0.153,117.000,145.000,0.447,0.95,100000
22,4,77.003,0.394,0.154,117.000,145.000,0.447,0.95,100000
23,4,67.671,0.513,0.155,140.000,122.000,0.534,0.95,100000
24,4,67.672,0.513,0.155,140.000,122.000,0.534,0.95,100000
25,4,67.723,0.513,0.156,140.000,122.000,0.534,0.95,100000
26,4,67.706,0.513,0.157,140.000,122.000,0.534,0.95,100000
27,4,67.705,0.513,0.158,140.000,122.000,0.534,0.95,100000
28,4,67.629,0.513,0.159,140.000,122.000,0.534,0.95,100000
29,4,71.954,0.462,0.160,129.000,133.000,0.492,0.95,100000
30,4,64.497,0.465,0.160,128.000,134.000,0.489,0.95,100000
31,4,64.578,0.465,0.161,127.000,135.000,0.485,0.95,100000
32,4,64.578,0.465,0.161,127.000,135.000,0.485,0.95,100000
33,4,60.607,0.465,0.162,129.000,133.000,0.492,0.95,100000
34,4,60.607,0.465,0.260,129.000,133.000,0.492,0.95,100000
35,4,59.873,0.465,0.261,130.000,132.000,0.496,0.95,100000
36,4,59.872,0.465,0.262,130.000,132.000,0.496,0.95,100000
37,4,65.420,0.335,0.262,101.000,161.000,0.385,0.95,100000
38,4,65.420,0.335,0.263,101.000,161.000,0.385,0.95,100000
39,4,65.420,0.335,0.264,101.000,161.000,0.385,0.95,100000
40,4,65.420,0.335,0.264,101.000,161.000,0.385,0.95,100000
41,4,65.424,0.335,0.265,101.000,161.000,0.385,0.95,100000
42,4,64.812,0.347,0.277,103.000,159.000,0.393,0.95,100000
43,4,64.812,0.347,0.282,103.000,159.000,0.393,0.95,100000
44,4,64.464,0.357,0.283,105.000,157.000,0.401,0.95,100000
45,4,64.464,0.357,0.284,105.000,157.000,0.401,0.95,100000
46,4,64.640,0.345,0.284,107.000,155.000,0.408,0.95,100000
47,4,65.600,0.323,0.285,103.000,159.000,0.393,0.95,100000
48,4,65.600,0.323,0.286,103.000,159.000,0.393,0.95,100000
49,4,65.600,0.323,0.287,103.000,159.000,0.393,0.95,100000
50,4,65.594,0.323,0.315,105.000,157.000,0.401,0.95,100000
51,4,65.594,0.323,0.315,106.000,156.000,0.405,0.95,100000
52,4,65.597,0.323,0.316,106.000,156.000,0.405,0.95,100000
53,4,65.379,0.327,0.317,108.000,154.000,0.412,0.95,100000
54,4,65.342,0.329,0.317,103.000,159.000,0.393,0.95,100000
55,4,77.976,0.339,0.318,104.000,158.000,0.397,0.95,100000
56,4,78.073,0.339,0.318,104.000,158.000,0.397,0.95,100000
57,4,75.120,0.339,0.319,104.000,158.000,0.397,0.95,100000
58,4,75.120,0.339,0.320,104.000,158.000,0.397,0.95,100000
59,4,75.060,0.339,0.320,104.000,158.000,0.397,0.95,100000
60,4,75.060,0.339,0.321,104.000,158.000,0.397,0.95,100000
61,4,74.988,0.341,0.322,104.000,158.000,0.397,0.95,100000
62,4,74.988,0.341,0.322,104.000,158.000,0.397,0.95,100000
63,4,74.988,0.341,0.323,104.000,158.000,0.397,0.95,100000
64,4,67.471,0.337,0.323,104.000,158.000,0.397,0.95,100000
65,4,67.470,0.337,0.324,104.000,158.000,0.397,0.95,100000
66,4,67.471,0.337,0.326,104.000,158.000,0.397,0.95,100000
67,4,67.471,0.337,0.326,104.000,158.000,0.397,0.95,100000
68,4,67.267,0.345,0.327,106.000,156.000,0.405,0.95,100000
69,4,67.267,0.345,0.329,106.000,156.000,0.405,0.95,100000
70,4,67.340,0.345,0.329,106.000,156.000,0.405,0.95,100000
71,4,67.338,0.345,0.330,106.000,156.000,0.405,0.95,100000
72,4,67.458,0.337,0.330,104.000,158.000,0.397,0.95,100000
73,4,67.458,0.337,0.331,104.000,158.000,0.397,0.95,100000
74,4,67.361,0.337,0.331,104.000,158.000,0.397,0.95,100000
75,4,67.361,0.337,0.332,104.000,158.000,0.397,0.95,100000
76,4,67.346,0.337,0.397,104.000,158.000,0.397,0.95,100000
77,4,67.374,0.339,0.398,106.000,156.000,0.405,0.95,100000
78,4,67.448,0.335,0.399,110.000,152.000,0.420,0.95,100000
79,4,65.955,0.335,0.399,110.000,152.000,0.420,0.95,100000
80,4,65.567,0.359,0.400,108.000,154.000,0.412,0.95,100000
81,4,65.495,0.361,0.400,108.000,154.000,0.412,0.95,100000
82,4,65.495,0.361,0.401,108.000,154.000,0.412,0.95,100000
83,4,65.445,0.363,0.401,108.000,154.000,0.412,0.95,100000
84,4,65.445,0.363,0.402,108.000,154.000,0.412,0.95,100000
85,4,65.445,0.363,0.402,108.000,154.000,0.412,0.95,100000
86,4,65.456,0.363,0.403,108.000,154.000,0.412,0.95,100000
87,4,58.751,0.667,0.404,162.000,100.000,0.618,0.95,100000
88,4,58.751,0.667,0.405,162.000,100.000,0.618,0.95,100000
89,4,58.751,0.667,0.511,162.000,100.000,0.618,0.95,100000
90,4,58.751,0.667,0.511,162.000,100.000,0.618,0.95,100000
91,4,58.751,0.667,0.511,162.000,100.000,0.618,0.95,100000
92,4,58.917,0.667,0.512,162.000,100.000,0.618,0.95,100000
93,4,58.787,0.667,0.512,162.000,100.000,0.618,0.95,100000
94,4,58.787,0.667,0.513,162.000,100.000,0.618,0.95,100000
95,4,58.620,0.667,0.513,162.000,100.000,0.618,0.95,100000
96,4,58.360,0.667,0.513,162.000,100.000,0.618,0.95,100000
97,4,58.360,0.667,0.514,162.000,100.000,0.618,0.95,100000
98,4,58.383,0.667,0.514,162.000,100.000,0.618,0.95,100000
99,4,58.383,0.667,0.516,162.000,100.000,0.618,0.95,100000
100,4,58.417,0.667,0.516,162.000,100.000,0.618,0.95,100000
1,3,62.007,0.491,0.089,137.000,125.000,0.523,0.95,100000
2,3,73.396,0.333,0.090,100.000,162.000,0.382,0.95,100000
3,3,80.643,0.333,0.091,100.000,162.000,0.382,0.95,100000
4,3,82.413,0.333,0.092,100.000,162.000,0.382,0.95,100000
5,3,82.413,0.333,0.094,100.000,162.000,0.382,0.95,100000
6,3,82.413,0.333,0.094,100.000,162.000,0.382,0.95,100000
7,3,86.669,0.333,0.095,100.000,162.000,0.382,0.95,100000
8,3,86.669,0.333,0.096,100.000,162.000,0.382,0.95,100000
9,3,77.935,0.333,0.096,100.000,162.000,0.382,0.95,100000
10,3,77.935,0.333,0.097,100.000,162.000,0.382,0.95,100000
11,3,77.935,0.333,0.098,100.000,162.000,0.382,0.95,100000
12,3,77.935,0.333,0.098,100.000,162.000,0.382,0.95,100000
13,3,77.935,0.333,0.099,100.000,162.000,0.382,0.95,100000
14,3,67.194,0.371,0.100,111.000,151.000,0.424,0.95,100000
15,3,67.190,0.371,0.101,111.000,151.000,0.424,0.95,100000
16,3,67.190,0.371,0.101,111.000,151.000,0.424,0.95,100000
17,3,67.190,0.371,0.102,111.000,151.000,0.424,0.95,100000
18,3,67.190,0.371,0.103,111.000,151.000,0.424,0.95,100000
19,3,67.135,0.371,0.103,111.000,151.000,0.424,0.95,100000
20,3,67.135,0.371,0.104,111.000,151.000,0.424,0.95,100000
21,3,67.135,0.371,0.105,111.000,151.000,0.424,0.95,100000
22,3,67.135,0.371,0.106,111.000,151.000,0.424,0.95,100000
23,3,67.887,0.343,0.106,109.000,153.000,0.416,0.95,100000
24,3,66.471,0.391,0.107,117.000,145.000,0.447,0.95,100000
25,3,66.471,0.391,0.108,117.000,145.000,0.447,0.95,100000
26,3,66.471,0.391,0.108,117.000,145.000,0.447,0.95,100000
27,3,65.903,0.393,0.109,117.000,145.000,0.447,0.95,100000
28,3,65.903,0.393,0.110,117.000,145.000,0.447,0.95,100000
29,3,65.939,0.393,0.112,117.000,145.000,0.447,0.95,100000
30,3,65.945,0.393,0.113,117.000,145.000,0.447,0.95,100000
31,3,65.992,0.389,0.113,116.000,146.000,0.443,0.95,100000
32,3,65.992,0.389,0.114,116.000,146.000,0.443,0.95,100000
33,3,65.929,0.389,0.115,116.000,146.000,0.443,0.95,100000
34,3,65.929,0.389,0.116,116.000,146.000,0.443,0.95,100000
35,3,65.929,0.389,0.116,116.000,146.000,0.443,0.95,100000
36,3,65.921,0.389,0.117,116.000,146.000,0.443,0.95,100000
37,3,65.921,0.389,0.117,116.000,146.000,0.443,0.95,100000
38,3,65.928,0.389,0.118,116.000,146.000,0.443,0.95,100000
39,3,67.649,0.329,0.121,105.000,157.000,0.401,0.95,100000
40,3,67.649,0.329,0.121,105.000,157.000,0.401,0.95,100000
41,3,67.497,0.329,0.122,105.000,157.000,0.401,0.95,100000
42,3,67.497,0.329,0.123,105.000,157.000,0.401,0.95,100000
43,3,67.496,0.329,0.123,105.000,157.000,0.401,0.95,100000
44,3,67.496,0.329,0.124,105.000,157.000,0.401,0.95,100000
45,3,67.496,0.329,0.124,105.000,157.000,0.401,0.95,100000
46,3,67.496,0.329,0.125,105.000,157.000,0.401,0.95,100000
47,3,67.496,0.329,0.126,105.000,157.000,0.401,0.95,100000
48,3,67.496,0.329,0.126,105.000,157.000,0.401,0.95,100000
49,3,67.545,0.327,0.155,102.000,160.000,0.389,0.95,100000
50,3,68.318,0.327,0.158,102.000,160.000,0.389,0.95,100000
51,3,68.318,0.327,0.159,102.000,160.000,0.389,0.95,100000
52,3,68.316,0.327,0.159,102.000,160.000,0.389,0.95,100000
53,3,68.316,0.327,0.160,102.000,160.000,0.389,0.95,100000
54,3,68.316,0.327,0.161,102.000,160.000,0.389,0.95,100000
55,3,68.316,0.327,0.162,102.000,160.000,0.389,0.95,100000
56,3,68.316,0.327,0.162,102.000,160.000,0.389,0.95,100000
57,3,68.316,0.327,0.163,102.000,160.000,0.389,0.95,100000
58,3,68.316,0.327,0.164,102.000,160.000,0.389,0.95,100000
59,3,68.316,0.327,0.165,102.000,160.000,0.389,0.95,100000
60,3,68.317,0.327,0.165,102.000,160.000,0.389,0.95,100000
61,3,68.317,0.327,0.166,102.000,160.000,0.389,0.95,100000
62,3,69.010,0.327,0.166,102.000,160.000,0.389,0.95,100000
63,3,68.254,0.353,0.167,104.000,158.000,0.397,0.95,100000
64,3,68.254,0.353,0.167,104.000,158.000,0.397,0.95,100000
65,3,68.254,0.353,0.168,104.000,158.000,0.397,0.95,100000
66,3,68.254,0.353,0.169,104.000,158.000,0.397,0.95,100000
67,3,68.350,0.349,0.169,104.000,158.000,0.397,0.95,100000
68,3,59.516,0.651,0.170,158.000,104.000,0.603,0.95,100000
69,3,59.515,0.651,0.170,157.000,105.000,0.599,0.95,100000
70,3,59.515,0.651,0.172,157.000,105.000,0.599,0.95,100000
71,3,59.515,0.651,0.172,157.000,105.000,0.599,0.95,100000
72,3,59.041,0.673,0.173,154.000,108.000,0.588,0.95,100000
73,3,59.329,0.659,0.174,160.000,102.000,0.611,0.95,100000
74,3,59.329,0.659,0.175,160.000,102.000,0.611,0.95,100000
75,3,59.329,0.659,0.175,160.000,102.000,0.611,0.95,100000
76,3,59.332,0.659,0.176,160.000,102.000,0.611,0.95,100000
77,3,59.332,0.659,0.176,160.000,102.000,0.611,0.95,100000
78,3,59.318,0.659,0.177,160.000,102.000,0.611,0.95,100000
79,3,59.316,0.659,0.177,159.000,103.000,0.607,0.95,100000
80,3,59.323,0.659,0.178,159.000,103.000,0.607,0.95,100000
81,3,59.323,0.659,0.178,159.000,103.000,0.607,0.95,100000
82,3,59.323,0.659,0.179,159.000,103.000,0.607,0.95,100000
83,3,59.558,0.645,0.220,151.000,111.000,0.576,0.95,100000
84,3,59.558,0.645,0.220,151.000,111.000,0.576,0.95,100000
85,3,59.558,0.645,0.221,151.000,111.000,0.576,0.95,100000
86,3,59.521,0.647,0.221,149.000,113.000,0.569,0.95,100000
87,3,59.521,0.647,0.222,149.000,113.000,0.569,0.95,100000
88,3,59.521,0.647,0.223,149.000,113.000,0.569,0.95,100000
89,3,59.521,0.647,0.224,149.000,113.000,0.569,0.95,100000
90,3,59.521,0.647,0.224,149.000,113.000,0.569,0.95,100000
91,3,59.521,0.647,0.225,149.000,113.000,0.569,0.95,100000
92,3,59.521,0.647,0.226,149.000,113.000,0.569,0.95,100000
93,3,59.521,0.647,0.226,149.000,113.000,0.569,0.95,100000
94,3,55.485,0.665,0.227,162.000,100.000,0.618,0.95,100000
95,3,55.485,0.665,0.227,162.000,100.000,0.618,0.95,100000
96,3,55.485,0.665,0.228,162.000,100.000,0.618,0.95,100000
97,3,55.504,0.665,0.228,162.000,100.000,0.618,0.95,100000
98,3,55.504,0.665,0.228,162.000,100.000,0.618,0.95,100000
99,3,55.504,0.665,0.229,162.000,100.000,0.618,0.95,100000
100,3,55.504,0.665,0.234,162.000,100.000,0.618,0.95,100000
1,8,59.305,0.613,0.074,148.000,114.000,0.565,0.95,100000
2,8,59.351,0.611,0.075,148.000,114.000,0.565,0.95,100000
3,8,56.278,0.667,0.076,162.000,100.000,0.618,0.95,100000
4,8,56.278,0.667,0.077,162.000,100.000,0.618,0.95,100000
5,8,56.330,0.667,0.080,162.000,100.000,0.618,0.95,100000
6,8,56.328,0.667,0.080,162.000,100.000,0.618,0.95,100000
7,8,56.328,0.667,0.081,162.000,100.000,0.618,0.95,100000
8,8,56.348,0.667,0.082,162.000,100.000,0.618,0.95,100000
9,8,56.348,0.667,0.083,162.000,100.000,0.618,0.95,100000
10,8,56.297,0.667,0.083,162.000,100.000,0.618,0.95,100000
11,8,56.061,0.667,0.084,162.000,100.000,0.618,0.95,100000
12,8,55.997,0.657,0.085,155.000,107.000,0.592,0.95,100000
13,8,55.995,0.657,0.086,155.000,107.000,0.592,0.95,100000
14,8,55.848,0.657,0.086,155.000,107.000,0.592,0.95,100000
15,8,55.586,0.657,0.087,155.000,107.000,0.592,0.95,100000
16,8,55.586,0.657,0.088,155.000,107.000,0.592,0.95,100000
17,8,55.233,0.667,0.088,159.000,103.000,0.607,0.95,100000
18,8,55.747,0.667,0.089,159.000,103.000,0.607,0.95,100000
19,8,55.747,0.667,0.090,159.000,103.000,0.607,0.95,100000
20,8,55.195,0.667,0.090,159.000,103.000,0.607,0.95,100000
21,8,55.195,0.667,0.091,159.000,103.000,0.607,0.95,100000
22,8,61.507,0.495,0.092,139.000,123.000,0.531,0.95,100000
23,8,61.507,0.495,0.092,139.000,123.000,0.531,0.95,100000
24,8,62.308,0.495,0.093,139.000,123.000,0.531,0.95,100000
25,8,62.313,0.495,0.093,139.000,123.000,0.531,0.95,100000
26,8,62.037,0.495,0.094,139.000,123.000,0.531,0.95,100000
27,8,61.481,0.507,0.095,140.000,122.000,0.534,0.95,100000
28,8,61.555,0.503,0.096,140.000,122.000,0.534,0.95,100000
29,8,63.407,0.462,0.096,125.000,137.000,0.477,0.95,100000
30,8,63.408,0.462,0.097,125.000,137.000,0.477,0.95,100000
31,8,63.083,0.481,0.098,134.000,128.000,0.511,0.95,100000
32,8,62.984,0.479,0.098,134.000,128.000,0.511,0.95,100000
33,8,62.018,0.503,0.099,137.000,125.000,0.523,0.95,100000
34,8,62.018,0.503,0.100,137.000,125.000,0.523,0.95,100000
35,8,62.018,0.503,0.101,137.000,125.000,0.523,0.95,100000
36,8,60.700,0.531,0.101,144.000,118.000,0.550,0.95,100000
37,8,60.691,0.531,0.102,144.000,118.000,0.550,0.95,100000
38,8,56.455,0.667,0.103,162.000,100.000,0.618,0.95,100000
39,8,56.461,0.667,0.103,162.000,100.000,0.618,0.95,100000
40,8,57.805,0.558,0.104,151.000,111.000,0.576,0.95,100000
41,8,57.817,0.558,0.108,151.000,111.000,0.576,0.95,100000
42,8,57.817,0.558,0.109,151.000,111.000,0.576,0.95,100000
43,8,57.192,0.584,0.110,152.000,110.000,0.580,0.95,100000
44,8,57.195,0.584,0.111,152.000,110.000,0.580,0.95,100000
45,8,57.201,0.584,0.112,152.000,110.000,0.580,0.95,100000
46,8,57.288,0.574,0.141,153.000,109.000,0.584,0.95,100000
47,8,57.287,0.574,0.142,153.000,109.000,0.584,0.95,100000
48,8,57.286,0.574,0.143,153.000,109.000,0.584,0.95,100000
49,8,57.331,0.574,0.143,153.000,109.000,0.584,0.95,100000
50,8,57.338,0.574,0.144,153.000,109.000,0.584,0.95,100000
51,8,57.338,0.574,0.145,153.000,109.000,0.584,0.95,100000
52,8,56.950,0.586,0.145,155.000,107.000,0.592,0.95,100000
53,8,55.959,0.667,0.146,162.000,100.000,0.618,0.95,100000
54,8,55.959,0.667,0.147,162.000,100.000,0.618,0.95,100000
55,8,55.959,0.667,0.147,162.000,100.000,0.618,0.95,100000
56,8,55.959,0.667,0.148,162.000,100.000,0.618,0.95,100000
57,8,56.144,0.667,0.148,162.000,100.000,0.618,0.95,100000
58,8,55.621,0.667,0.149,162.000,100.000,0.618,0.95,100000
59,8,55.603,0.667,0.150,162.000,100.000,0.618,0.95,100000
60,8,55.603,0.667,0.150,162.000,100.000,0.618,0.95,100000
61,8,55.531,0.667,0.151,162.000,100.000,0.618,0.95,100000
62,8,55.531,0.667,0.151,162.000,100.000,0.618,0.95,100000
63,8,55.528,0.667,0.152,162.000,100.000,0.618,0.95,100000
64,8,55.528,0.667,0.153,162.000,100.000,0.618,0.95,100000
65,8,55.304,0.667,0.153,162.000,100.000,0.618,0.95,100000
66,8,55.238,0.667,0.154,162.000,100.000,0.618,0.95,100000
67,8,55.322,0.667,0.154,162.000,100.000,0.618,0.95,100000
68,8,55.322,0.667,0.155,162.000,100.000,0.618,0.95,100000
69,8,55.322,0.667,0.155,162.000,100.000,0.618,0.95,100000
70,8,55.322,0.667,0.156,162.000,100.000,0.618,0.95,100000
71,8,55.326,0.667,0.157,162.000,100.000,0.618,0.95,100000
72,8,55.326,0.667,0.157,162.000,100.000,0.618,0.95,100000
73,8,55.326,0.667,0.158,162.000,100.000,0.618,0.95,100000
74,8,55.326,0.667,0.158,162.000,100.000,0.618,0.95,100000
75,8,55.460,0.667,0.159,162.000,100.000,0.618,0.95,100000
76,8,57.662,0.659,0.159,162.000,100.000,0.618,0.95,100000
77,8,57.662,0.659,0.160,162.000,100.000,0.618,0.95,100000
78,8,57.662,0.659,0.160,162.000,100.000,0.618,0.95,100000
79,8,57.586,0.661,0.161,162.000,100.000,0.618,0.95,100000
80,8,63.483,0.483,0.161,137.000,125.000,0.523,0.95,100000
81,8,66.530,0.450,0.162,129.000,133.000,0.492,0.95,100000
82,8,67.124,0.408,0.162,121.000,141.000,0.462,0.95,100000
83,8,71.816,0.391,0.163,119.000,143.000,0.454,0.95,100000
84,8,71.875,0.391,0.164,119.000,143.000,0.454,0.95,100000
85,8,71.869,0.393,0.164,119.000,143.000,0.454,0.95,100000
86,8,71.869,0.393,0.165,119.000,143.000,0.454,0.95,100000
87,8,72.135,0.375,0.165,118.000,144.000,0.450,0.95,100000
88,8,73.904,0.375,0.166,118.000,144.000,0.450,0.95,100000
89,8,73.885,0.375,0.166,118.000,144.000,0.450,0.95,100000
90,8,73.885,0.375,0.167,118.000,144.000,0.450,0.95,100000
91,8,73.885,0.375,0.168,118.000,144.000,0.450,0.95,100000
92,8,74.086,0.369,0.168,118.000,144.000,0.450,0.95,100000
93,8,73.952,0.371,0.169,118.000,144.000,0.450,0.95,100000
94,8,74.078,0.371,0.169,118.000,144.000,0.450,0.95,100000
95,8,74.069,0.371,0.271,118.000,144.000,0.450,0.95,100000
96,8,74.069,0.371,0.272,118.000,144.000,0.450,0.95,100000
97,8,73.283,0.394,0.272,119.000,143.000,0.454,0.95,100000
98,8,73.173,0.394,0.273,119.000,143.000,0.454,0.95,100000
99,8,73.178,0.394,0.273,119.000,143.000,0.454,0.95,100000
100,8,73.166,0.394,0.273,119.000,143.000,0.454,0.95,100000
1,10,57.446,0.665,0.152,162.000,100.000,0.618,0.95,100000
2,10,57.574,0.665,0.152,162.000,100.000,0.618,0.95,100000
3,10,57.585,0.665,0.153,162.000,100.000,0.618,0.95,100000
4,10,57.585,0.665,0.154,162.000,100.000,0.618,0.95,100000
5,10,57.585,0.665,0.264,162.000,100.000,0.618,0.95,100000
6,10,57.444,0.665,0.265,162.000,100.000,0.618,0.95,100000
7,10,57.444,0.665,0.265,162.000,100.000,0.618,0.95,100000
8,10,57.444,0.665,0.266,162.000,100.000,0.618,0.95,100000
9,10,57.444,0.665,0.267,162.000,100.000,0.618,0.95,100000
10,10,60.547,0.655,0.268,154.000,108.000,0.588,0.95,100000
11,10,60.564,0.655,0.269,154.000,108.000,0.588,0.95,100000
12,10,60.587,0.657,0.270,153.000,109.000,0.584,0.95,100000
13,10,60.562,0.655,0.270,154.000,108.000,0.588,0.95,100000
14,10,60.562,0.655,0.271,154.000,108.000,0.588,0.95,100000
15,10,60.562,0.655,0.271,154.000,108.000,0.588,0.95,100000
16,10,64.233,0.499,0.287,140.000,122.000,0.534,0.95,100000
17,10,64.225,0.501,0.287,140.000,122.000,0.534,0.95,100000
18,10,57.508,0.667,0.288,162.000,100.000,0.618,0.95,100000
19,10,57.497,0.667,0.289,162.000,100.000,0.618,0.95,100000
20,10,59.127,0.667,0.296,162.000,100.000,0.618,0.95,100000
21,10,58.374,0.677,0.297,155.000,107.000,0.592,0.95,100000
22,10,58.374,0.677,0.297,155.000,107.000,0.592,0.95,100000
23,10,58.374,0.677,0.298,155.000,107.000,0.592,0.95,100000
24,10,58.327,0.677,0.299,155.000,107.000,0.592,0.95,100000
25,10,58.274,0.679,0.299,158.000,104.000,0.603,0.95,100000
26,10,58.272,0.679,0.300,158.000,104.000,0.603,0.95,100000
27,10,58.272,0.679,0.301,158.000,104.000,0.603,0.95,100000
28,10,58.172,0.680,0.302,158.000,104.000,0.603,0.95,100000
29,10,58.172,0.680,0.302,158.000,104.000,0.603,0.95,100000
30,10,58.172,0.680,0.303,158.000,104.000,0.603,0.95,100000
31,10,58.172,0.680,0.304,158.000,104.000,0.603,0.95,100000
32,10,58.173,0.680,0.304,158.000,104.000,0.603,0.95,100000
33,10,58.173,0.680,0.305,158.000,104.000,0.603,0.95,100000
34,10,58.173,0.680,0.306,158.000,104.000,0.603,0.95,100000
35,10,58.173,0.680,0.306,158.000,104.000,0.603,0.95,100000
36,10,61.997,0.680,0.307,158.000,104.000,0.603,0.95,100000
37,10,65.946,0.667,0.308,162.000,100.000,0.618,0.95,100000
38,10,65.946,0.667,0.308,162.000,100.000,0.618,0.95,100000
39,10,66.137,0.667,0.309,162.000,100.000,0.618,0.95,100000
40,10,66.070,0.667,0.310,162.000,100.000,0.618,0.95,100000
41,10,65.624,0.667,0.310,162.000,100.000,0.618,0.95,100000
42,10,65.624,0.667,0.311,162.000,100.000,0.618,0.95,100000
43,10,65.624,0.667,0.312,162.000,100.000,0.618,0.95,100000
44,10,65.694,0.667,0.312,162.000,100.000,0.618,0.95,100000
45,10,65.710,0.667,0.313,162.000,100.000,0.618,0.95,100000
46,10,65.708,0.667,0.314,162.000,100.000,0.618,0.95,100000
47,10,66.931,0.416,0.315,126.000,136.000,0.481,0.95,100000
48,10,74.832,0.412,0.315,126.000,136.000,0.481,0.95,100000
49,10,74.501,0.412,0.316,126.000,136.000,0.481,0.95,100000
50,10,70.186,0.414,0.317,126.000,136.000,0.481,0.95,100000
51,10,70.186,0.414,0.317,126.000,136.000,0.481,0.95,100000
52,10,70.282,0.414,0.318,126.000,136.000,0.481,0.95,100000
53,10,69.875,0.414,0.331,126.000,136.000,0.481,0.95,100000
54,10,69.875,0.414,0.332,126.000,136.000,0.481,0.95,100000
55,10,71.919,0.410,0.332,125.000,137.000,0.477,0.95,100000
56,10,73.998,0.387,0.333,116.000,146.000,0.443,0.95,100000
57,10,73.721,0.387,0.333,116.000,146.000,0.443,0.95,100000
58,10,73.639,0.387,0.334,116.000,146.000,0.443,0.95,100000
59,10,77.606,0.389,0.335,116.000,146.000,0.443,0.95,100000
60,10,65.614,0.509,0.335,139.000,123.000,0.531,0.95,100000
61,10,65.643,0.509,0.336,139.000,123.000,0.531,0.95,100000
62,10,65.643,0.509,0.337,139.000,123.000,0.531,0.95,100000
63,10,65.643,0.509,0.338,139.000,123.000,0.531,0.95,100000
64,10,65.420,0.513,0.338,140.000,122.000,0.534,0.95,100000
65,10,65.420,0.513,0.339,140.000,122.000,0.534,0.95,100000
66,10,65.420,0.513,0.339,140.000,122.000,0.534,0.95,100000
67,10,65.420,0.513,0.340,140.000,122.000,0.534,0.95,100000
68,10,71.491,0.511,0.341,138.000,124.000,0.527,0.95,100000
69,10,71.491,0.511,0.341,138.000,124.000,0.527,0.95,100000
70,10,85.614,0.359,0.344,107.000,155.000,0.408,0.95,100000
71,10,85.614,0.359,0.345,107.000,155.000,0.408,0.95,100000
72,10,85.614,0.359,0.345,107.000,155.000,0.408,0.95,100000
73,10,85.579,0.359,0.346,107.000,155.000,0.408,0.95,100000
74,10,85.579,0.359,0.346,107.000,155.000,0.408,0.95,100000
75,10,85.556,0.361,0.347,108.000,154.000,0.412,0.95,100000
76,10,85.556,0.361,0.348,108.000,154.000,0.412,0.95,100000
77,10,85.556,0.361,0.348,108.000,154.000,0.412,0.95,100000
78,10,85.556,0.361,0.349,108.000,154.000,0.412,0.95,100000
79,10,85.562,0.361,0.350,108.000,154.000,0.412,0.95,100000
80,10,84.051,0.359,0.351,107.000,155.000,0.408,0.95,100000
81,10,78.202,0.361,0.351,108.000,154.000,0.412,0.95,100000
82,10,73.914,0.365,0.352,109.000,153.000,0.416,0.95,100000
83,10,73.914,0.365,0.352,109.000,153.000,0.416,0.95,100000
84,10,72.707,0.367,0.353,109.000,153.000,0.416,0.95,100000
85,10,67.618,0.467,0.354,136.000,126.000,0.519,0.95,100000
86,10,67.500,0.467,0.354,136.000,126.000,0.519,0.95,100000
87,10,67.510,0.467,0.355,136.000,126.000,0.519,0.95,100000
88,10,67.510,0.467,0.355,136.000,126.000,0.519,0.95,100000
89,10,67.510,0.467,0.356,136.000,126.000,0.519,0.95,100000
90,10,67.542,0.467,0.359,136.000,126.000,0.519,0.95,100000
91,10,67.516,0.467,0.359,136.000,126.000,0.519,0.95,100000
92,10,68.608,0.438,0.360,131.000,131.000,0.500,0.95,100000
93,10,68.608,0.438,0.360,131.000,131.000,0.500,0.95,100000
94,10,68.608,0.438,0.360,131.000,131.000,0.500,0.95,100000
95,10,68.608,0.438,0.361,131.000,131.000,0.500,0.95,100000
96,10,68.537,0.438,0.361,131.000,131.000,0.500,0.95,100000
97,10,70.226,0.438,0.361,131.000,131.000,0.500,0.95,100000
98,10,70.226,0.438,0.362,131.000,131.000,0.500,0.95,100000
99,10,70.226,0.438,0.453,131.000,131.000,0.500,0.95,100000
100,10,70.226,0.438,0.453,131.000,131.000,0.500,0.95,100000
1,9,64.157,0.465,0.152,124.000,138.000,0.473,0.95,100000
2,9,64.157,0.465,0.153,124.000,138.000,0.473,0.95,100000
3,9,64.157,0.465,0.154,124.000,138.000,0.473,0.95,100000
4,9,64.149,0.465,0.155,124.000,138.000,0.473,0.95,100000
5,9,64.157,0.465,0.156,124.000,138.000,0.473,0.95,100000
6,9,63.982,0.464,0.157,124.000,138.000,0.473,0.95,100000
7,9,63.783,0.464,0.158,122.000,140.000,0.466,0.95,100000
8,9,63.783,0.464,0.159,122.000,140.000,0.466,0.95,100000
9,9,63.784,0.464,0.160,122.000,140.000,0.466,0.95,100000
10,9,63.784,0.464,0.160,122.000,140.000,0.466,0.95,100000
11,9,63.784,0.464,0.161,122.000,140.000,0.466,0.95,100000
12,9,64.960,0.460,0.162,120.000,142.000,0.458,0.95,100000
13,9,65.195,0.460,0.162,120.000,142.000,0.458,0.95,100000
14,9,77.449,0.337,0.204,96.000,166.000,0.366,0.95,100000
15,9,77.554,0.335,0.204,96.000,166.000,0.366,0.95,100000
16,9,77.554,0.335,0.205,96.000,166.000,0.366,0.95,100000
17,9,77.551,0.335,0.205,96.000,166.000,0.366,0.95,100000
18,9,76.585,0.337,0.206,96.000,166.000,0.366,0.95,100000
19,9,76.573,0.337,0.207,95.000,167.000,0.363,0.95,100000
20,9,76.566,0.337,0.207,95.000,167.000,0.363,0.95,100000
21,9,78.553,0.337,0.208,95.000,167.000,0.363,0.95,100000
22,9,79.065,0.337,0.209,95.000,167.000,0.363,0.95,100000
23,9,77.433,0.337,0.209,100.000,162.000,0.382,0.95,100000
24,9,77.816,0.335,0.211,100.000,162.000,0.382,0.95,100000
25,9,77.776,0.339,0.213,99.000,163.000,0.378,0.95,100000
26,9,73.315,0.341,0.214,99.000,163.000,0.378,0.95,100000
27,9,70.283,0.341,0.214,99.000,163.000,0.378,0.95,100000
28,9,63.239,0.606,0.216,147.000,115.000,0.561,0.95,100000
29,9,63.239,0.606,0.217,147.000,115.000,0.561,0.95,100000
30,9,63.248,0.606,0.217,147.000,115.000,0.561,0.95,100000
31,9,60.145,0.633,0.252,156.000,106.000,0.595,0.95,100000
32,9,60.145,0.633,0.354,156.000,106.000,0.595,0.95,100000
33,9,58.939,0.657,0.466,160.000,102.000,0.611,0.95,100000
34,9,59.712,0.643,0.467,159.000,103.000,0.607,0.95,100000
35,9,59.712,0.643,0.468,159.000,103.000,0.607,0.95,100000
36,9,61.982,0.651,0.468,159.000,103.000,0.607,0.95,100000
37,9,61.982,0.651,0.469,159.000,103.000,0.607,0.95,100000
38,9,69.142,0.377,0.470,97.000,165.000,0.370,0.95,100000
39,9,69.142,0.377,0.471,97.000,165.000,0.370,0.95,100000
40,9,78.468,0.363,0.471,95.000,167.000,0.363,0.95,100000
41,9,73.076,0.432,0.472,117.000,145.000,0.447,0.95,100000
42,9,73.145,0.430,0.473,118.000,144.000,0.450,0.95,100000
43,9,73.145,0.430,0.473,118.000,144.000,0.450,0.95,100000
44,9,73.145,0.430,0.474,118.000,144.000,0.450,0.95,100000
45,9,73.695,0.422,0.475,113.000,149.000,0.431,0.95,100000
46,9,73.695,0.422,0.476,113.000,149.000,0.431,0.95,100000
47,9,73.487,0.424,0.478,113.000,149.000,0.431,0.95,100000
48,9,74.941,0.428,0.479,116.000,146.000,0.443,0.95,100000
49,9,74.941,0.428,0.480,116.000,146.000,0.443,0.95,100000
50,9,74.941,0.428,0.480,116.000,146.000,0.443,0.95,100000
51,9,74.974,0.428,0.481,116.000,146.000,0.443,0.95,100000
52,9,74.978,0.428,0.482,116.000,146.000,0.443,0.95,100000
53,9,70.362,0.487,0.483,118.000,144.000,0.450,0.95,100000
54,9,69.853,0.489,0.483,120.000,142.000,0.458,0.95,100000
55,9,69.853,0.489,0.484,120.000,142.000,0.458,0.95,100000
56,9,71.547,0.493,0.485,117.000,145.000,0.447,0.95,100000
57,9,71.495,0.499,0.485,117.000,145.000,0.447,0.95,100000
58,9,71.636,0.493,0.486,117.000,145.000,0.447,0.95,100000
59,9,55.045,0.651,0.487,160.000,102.000,0.611,0.95,100000
60,9,55.085,0.651,0.488,160.000,102.000,0.611,0.95,100000
61,9,55.090,0.651,0.489,160.000,102.000,0.611,0.95,100000
62,9,55.169,0.651,0.490,160.000,102.000,0.611,0.95,100000
63,9,59.865,0.544,0.490,142.000,120.000,0.542,0.95,100000
64,9,63.802,0.540,0.491,140.000,122.000,0.534,0.95,100000
65,9,63.105,0.550,0.492,137.000,125.000,0.523,0.95,100000
66,9,63.097,0.550,0.493,137.000,125.000,0.523,0.95,100000
67,9,62.712,0.552,0.493,137.000,125.000,0.523,0.95,100000
68,9,74.722,0.523,0.494,137.000,125.000,0.523,0.95,100000
69,9,74.728,0.523,0.494,137.000,125.000,0.523,0.95,100000
70,9,75.160,0.519,0.495,137.000,125.000,0.523,0.95,100000
71,9,88.651,0.333,0.495,100.000,162.000,0.382,0.95,100000
72,9,88.651,0.333,0.496,100.000,162.000,0.382,0.95,100000
73,9,88.661,0.333,0.497,100.000,162.000,0.382,0.95,100000
74,9,90.901,0.333,0.497,100.000,162.000,0.382,0.95,100000
75,9,90.901,0.333,0.498,100.000,162.000,0.382,0.95,100000
76,9,90.106,0.333,0.498,100.000,162.000,0.382,0.95,100000
77,9,90.126,0.333,0.499,100.000,162.000,0.382,0.95,100000
78,9,89.816,0.333,0.500,100.000,162.000,0.382,0.95,100000
79,9,90.306,0.333,0.500,100.000,162.000,0.382,0.95,100000
80,9,90.393,0.333,0.501,100.000,162.000,0.382,0.95,100000
81,9,84.512,0.333,0.501,100.000,162.000,0.382,0.95,100000
82,9,84.512,0.333,0.563,100.000,162.000,0.382,0.95,100000
83,9,84.512,0.333,0.566,100.000,162.000,0.382,0.95,100000
84,9,84.512,0.333,0.567,100.000,162.000,0.382,0.95,100000
85,9,84.495,0.333,0.567,100.000,162.000,0.382,0.95,100000
86,9,74.073,0.333,0.568,100.000,162.000,0.382,0.95,100000
87,9,74.073,0.333,0.569,100.000,162.000,0.382,0.95,100000
88,9,102.976,0.333,0.570,100.000,162.000,0.382,0.95,100000
89,9,102.986,0.333,0.570,100.000,162.000,0.382,0.95,100000
90,9,102.957,0.333,0.571,100.000,162.000,0.382,0.95,100000
91,9,102.961,0.333,0.571,100.000,162.000,0.382,0.95,100000
92,9,102.961,0.333,0.572,100.000,162.000,0.382,0.95,100000
93,9,97.213,0.333,0.572,100.000,162.000,0.382,0.95,100000
94,9,97.197,0.333,0.572,100.000,162.000,0.382,0.95,100000
95,9,96.532,0.333,0.573,100.000,162.000,0.382,0.95,100000
96,9,96.534,0.333,0.573,100.000,162.000,0.382,0.95,100000
97,9,107.633,0.333,0.574,100.000,162.000,0.382,0.95,100000
98,9,107.689,0.333,0.574,100.000,162.000,0.382,0.95,100000
99,9,107.697,0.333,0.575,100.000,162.000,0.382,0.95,100000
100,9,107.743,0.333,0.575,100.000,162.000,0.382,0.95,100000
1,7,72.183,0.469,0.080,123.000,139.000,0.469,0.95,100000
2,7,72.183,0.469,0.081,123.000,139.000,0.469,0.95,100000
3,7,72.183,0.469,0.082,123.000,139.000,0.469,0.95,100000
4,7,82.296,0.310,0.082,104.000,158.000,0.397,0.95,100000
5,7,82.287,0.310,0.083,104.000,158.000,0.397,0.95,100000
6,7,82.379,0.310,0.084,104.000,158.000,0.397,0.95,100000
7,7,82.379,0.310,0.085,104.000,158.000,0.397,0.95,100000
8,7,82.380,0.310,0.086,104.000,158.000,0.397,0.95,100000
9,7,82.380,0.310,0.086,104.000,158.000,0.397,0.95,100000
10,7,82.485,0.327,0.087,104.000,158.000,0.397,0.95,100000
11,7,82.392,0.327,0.175,104.000,158.000,0.397,0.95,100000
12,7,82.392,0.327,0.176,104.000,158.000,0.397,0.95,100000
13,7,82.392,0.327,0.176,104.000,158.000,0.397,0.95,100000
14,7,82.157,0.333,0.177,100.000,162.000,0.382,0.95,100000
15,7,82.157,0.333,0.178,100.000,162.000,0.382,0.95,100000
16,7,82.157,0.333,0.179,100.000,162.000,0.382,0.95,100000
17,7,82.157,0.333,0.179,100.000,162.000,0.382,0.95,100000
18,7,82.157,0.333,0.180,100.000,162.000,0.382,0.95,100000
19,7,82.157,0.333,0.180,100.000,162.000,0.382,0.95,100000
20,7,82.157,0.333,0.289,100.000,162.000,0.382,0.95,100000
21,7,82.372,0.323,0.290,102.000,160.000,0.389,0.95,100000
22,7,82.372,0.323,0.291,102.000,160.000,0.389,0.95,100000
23,7,82.371,0.323,0.291,102.000,160.000,0.389,0.95,100000
24,7,91.563,0.333,0.396,100.000,162.000,0.382,0.95,100000
25,7,94.313,0.333,0.423,100.000,162.000,0.382,0.95,100000
26,7,94.471,0.333,0.424,100.000,162.000,0.382,0.95,100000
27,7,94.476,0.333,0.427,100.000,162.000,0.382,0.95,100000
28,7,95.295,0.333,0.427,100.000,162.000,0.382,0.95,100000
29,7,95.295,0.333,0.428,100.000,162.000,0.382,0.95,100000
30,7,95.295,0.333,0.428,100.000,162.000,0.382,0.95,100000
31,7,95.354,0.333,0.429,100.000,162.000,0.382,0.95,100000
32,7,95.252,0.333,0.430,100.000,162.000,0.382,0.95,100000
33,7,95.252,0.333,0.482,100.000,162.000,0.382,0.95,100000
34,7,95.252,0.333,0.495,100.000,162.000,0.382,0.95,100000
35,7,95.252,0.333,0.636,100.000,162.000,0.382,0.95,100000
36,7,95.252,0.333,0.637,100.000,162.000,0.382,0.95,100000
37,7,95.651,0.333,0.638,100.000,162.000,0.382,0.95,100000
38,7,95.651,0.333,0.638,100.000,162.000,0.382,0.95,100000
39,7,95.651,0.333,0.639,100.000,162.000,0.382,0.95,100000
40,7,113.852,0.333,0.640,100.000,162.000,0.382,0.95,100000
41,7,113.852,0.333,0.641,100.000,162.000,0.382,0.95,100000
42,7,121.365,0.333,0.642,100.000,162.000,0.382,0.95,100000
43,7,121.365,0.333,0.642,100.000,162.000,0.382,0.95,100000
44,7,121.365,0.333,0.643,100.000,162.000,0.382,0.95,100000
45,7,121.365,0.333,0.644,100.000,162.000,0.382,0.95,100000
46,7,121.365,0.333,0.644,100.000,162.000,0.382,0.95,100000
47,7,121.365,0.333,0.645,100.000,162.000,0.382,0.95,100000
48,7,121.365,0.333,0.646,100.000,162.000,0.382,0.95,100000
49,7,121.365,0.333,0.647,100.000,162.000,0.382,0.95,100000
50,7,121.850,0.333,0.648,100.000,162.000,0.382,0.95,100000
51,7,121.850,0.333,0.649,100.000,162.000,0.382,0.95,100000
52,7,121.850,0.333,0.649,100.000,162.000,0.382,0.95,100000
53,7,121.613,0.331,0.650,99.000,163.000,0.378,0.95,100000
54,7,121.607,0.331,0.650,99.000,163.000,0.378,0.95,100000
55,7,121.849,0.333,0.651,99.000,163.000,0.378,0.95,100000
56,7,121.849,0.333,0.652,99.000,163.000,0.378,0.95,100000
57,7,121.849,0.333,0.652,99.000,163.000,0.378,0.95,100000
58,7,121.849,0.333,0.653,99.000,163.000,0.378,0.95,100000
59,7,121.849,0.333,0.653,99.000,163.000,0.378,0.95,100000
60,7,121.853,0.333,0.654,99.000,163.000,0.378,0.95,100000
61,7,121.853,0.333,0.655,99.000,163.000,0.378,0.95,100000
62,7,121.853,0.333,0.655,99.000,163.000,0.378,0.95,100000
63,7,121.853,0.333,0.656,99.000,163.000,0.378,0.95,100000
64,7,121.853,0.333,0.656,99.000,163.000,0.378,0.95,100000
65,7,121.853,0.333,0.657,99.000,163.000,0.378,0.95,100000
66,7,121.853,0.333,0.658,99.000,163.000,0.378,0.95,100000
67,7,122.014,0.333,0.658,99.000,163.000,0.378,0.95,100000
68,7,122.014,0.333,0.664,99.000,163.000,0.378,0.95,100000
69,7,122.029,0.333,0.664,100.000,162.000,0.382,0.95,100000
70,7,122.029,0.333,0.665,100.000,162.000,0.382,0.95,100000
71,7,122.029,0.333,0.665,100.000,162.000,0.382,0.95,100000
72,7,122.029,0.333,0.666,100.000,162.000,0.382,0.95,100000
73,7,122.029,0.333,0.666,100.000,162.000,0.382,0.95,100000
74,7,122.029,0.333,0.667,100.000,162.000,0.382,0.95,100000
75,7,121.745,0.333,0.667,100.000,162.000,0.382,0.95,100000
76,7,122.108,0.333,0.668,100.000,162.000,0.382,0.95,100000
77,7,108.619,0.333,0.669,100.000,162.000,0.382,0.95,100000
78,7,107.513,0.333,0.669,100.000,162.000,0.382,0.95,100000
79,7,107.513,0.333,0.670,100.000,162.000,0.382,0.95,100000
80,7,107.555,0.333,0.670,100.000,162.000,0.382,0.95,100000
81,7,107.555,0.333,0.671,100.000,162.000,0.382,0.95,100000
82,7,94.495,0.329,0.671,99.000,163.000,0.378,0.95,100000
83,7,94.766,0.314,0.672,94.000,168.000,0.359,0.95,100000
84,7,94.766,0.314,0.672,94.000,168.000,0.359,0.95,100000
85,7,94.766,0.314,0.673,94.000,168.000,0.359,0.95,100000
86,7,107.936,0.312,0.674,94.000,168.000,0.359,0.95,100000
87,7,107.936,0.312,0.674,94.000,168.000,0.359,0.95,100000
88,7,107.936,0.312,0.677,94.000,168.000,0.359,0.95,100000
89,7,107.936,0.312,0.678,94.000,168.000,0.359,0.95,100000
90,7,108.069,0.312,0.678,94.000,168.000,0.359,0.95,100000
91,7,102.734,0.341,0.679,92.000,170.000,0.351,0.95,100000
92,7,102.734,0.341,0.679,92.000,170.000,0.351,0.95,100000
93,7,101.924,0.343,0.681,90.000,172.000,0.344,0.95,100000
94,7,105.233,0.339,0.681,90.000,172.000,0.344,0.95,100000
95,7,95.406,0.345,0.682,90.000,172.000,0.344,0.95,100000
96,7,95.407,0.345,0.682,90.000,172.000,0.344,0.95,100000
97,7,95.855,0.349,0.682,95.000,167.000,0.363,0.95,100000
98,7,95.855,0.349,0.683,95.000,167.000,0.363,0.95,100000
99,7,95.855,0.349,0.683,95.000,167.000,0.363,0.95,100000
100,7,95.855,0.349,0.686,95.000,167.000,0.363,0.95,100000
1,6,101.867,0.361,0.155,108.000,154.000,0.412,0.95,100000
2,6,97.516,0.375,0.156,114.000,148.000,0.435,0.95,100000
3,6,97.099,0.375,0.157,114.000,148.000,0.435,0.95,100000
4,6,94.516,0.375,0.158,114.000,148.000,0.435,0.95,100000
5,6,93.300,0.327,0.158,103.000,159.000,0.393,0.95,100000
6,6,92.529,0.327,0.159,103.000,159.000,0.393,0.95,100000
7,6,92.529,0.327,0.160,103.000,159.000,0.393,0.95,100000
8,6,97.493,0.410,0.160,122.000,140.000,0.466,0.95,100000
9,6,96.654,0.408,0.209,122.000,140.000,0.466,0.95,100000
10,6,93.127,0.424,0.210,124.000,138.000,0.473,0.95,100000
11,6,92.997,0.424,0.210,124.000,138.000,0.473,0.95,100000
12,6,88.416,0.501,0.211,139.000,123.000,0.531,0.95,100000
13,6,88.416,0.501,0.212,139.000,123.000,0.531,0.95,100000
14,6,88.416,0.501,0.212,139.000,123.000,0.531,0.95,100000
15,6,89.039,0.489,0.213,135.000,127.000,0.515,0.95,100000
16,6,88.633,0.497,0.214,139.000,123.000,0.531,0.95,100000
17,6,89.505,0.483,0.214,136.000,126.000,0.519,0.95,100000
18,6,89.824,0.479,0.215,135.000,127.000,0.515,0.95,100000
19,6,89.837,0.479,0.217,135.000,127.000,0.515,0.95,100000
20,6,90.539,0.462,0.217,136.000,126.000,0.519,0.95,100000
21,6,92.413,0.428,0.218,134.000,128.000,0.511,0.95,100000
22,6,92.450,0.428,0.221,134.000,128.000,0.511,0.95,100000
23,6,93.133,0.430,0.222,134.000,128.000,0.511,0.95,100000
24,6,93.133,0.430,0.222,134.000,128.000,0.511,0.95,100000
25,6,90.285,0.428,0.225,134.000,128.000,0.511,0.95,100000
26,6,89.721,0.430,0.226,134.000,128.000,0.511,0.95,100000
27,6,90.073,0.426,0.226,134.000,128.000,0.511,0.95,100000
28,6,90.408,0.426,0.227,134.000,128.000,0.511,0.95,100000
29,6,90.789,0.426,0.228,134.000,128.000,0.511,0.95,100000
30,6,86.080,0.501,0.229,141.000,121.000,0.538,0.95,100000
31,6,86.161,0.501,0.229,141.000,121.000,0.538,0.95,100000
32,6,83.820,0.503,0.230,140.000,122.000,0.534,0.95,100000
33,6,80.377,0.503,0.230,140.000,122.000,0.534,0.95,100000
34,6,81.166,0.493,0.231,135.000,127.000,0.515,0.95,100000
35,6,81.166,0.493,0.232,135.000,127.000,0.515,0.95,100000
36,6,82.578,0.493,0.233,135.000,127.000,0.515,0.95,100000
37,6,82.578,0.493,0.233,135.000,127.000,0.515,0.95,100000
38,6,82.570,0.493,0.234,135.000,127.000,0.515,0.95,100000
39,6,82.570,0.493,0.235,135.000,127.000,0.515,0.95,100000
40,6,82.113,0.501,0.235,139.000,123.000,0.531,0.95,100000
41,6,73.026,0.501,0.236,139.000,123.000,0.531,0.95,100000
42,6,72.947,0.501,0.237,139.000,123.000,0.531,0.95,100000
43,6,72.944,0.501,0.237,140.000,122.000,0.534,0.95,100000
44,6,72.941,0.501,0.238,140.000,122.000,0.534,0.95,100000
45,6,72.276,0.501,0.239,140.000,122.000,0.534,0.95,100000
46,6,72.276,0.501,0.239,140.000,122.000,0.534,0.95,100000
47,6,72.276,0.501,0.240,140.000,122.000,0.534,0.95,100000
48,6,71.753,0.503,0.241,140.000,122.000,0.534,0.95,100000
49,6,71.766,0.503,0.242,139.000,123.000,0.531,0.95,100000
50,6,71.751,0.503,0.243,139.000,123.000,0.531,0.95,100000
51,6,70.462,0.509,0.243,142.000,120.000,0.542,0.95,100000
52,6,78.055,0.509,0.244,142.000,120.000,0.542,0.95,100000
53,6,78.581,0.503,0.245,142.000,120.000,0.542,0.95,100000
54,6,78.198,0.503,0.246,142.000,120.000,0.542,0.95,100000
55,6,78.198,0.503,0.246,142.000,120.000,0.542,0.95,100000
56,6,77.621,0.503,0.247,142.000,120.000,0.542,0.95,100000
57,6,77.621,0.503,0.247,142.000,120.000,0.542,0.95,100000
58,6,70.170,0.560,0.248,152.000,110.000,0.580,0.95,100000
59,6,66.388,0.570,0.249,151.000,111.000,0.576,0.95,100000
60,6,66.389,0.570,0.250,151.000,111.000,0.576,0.95,100000
61,6,64.945,0.570,0.250,152.000,110.000,0.580,0.95,100000
62,6,66.354,0.570,0.251,151.000,111.000,0.576,0.95,100000
63,6,71.049,0.501,0.251,139.000,123.000,0.531,0.95,100000
64,6,71.005,0.501,0.252,139.000,123.000,0.531,0.95,100000
65,6,66.026,0.572,0.252,151.000,111.000,0.576,0.95,100000
66,6,66.026,0.572,0.253,151.000,111.000,0.576,0.95,100000
67,6,66.026,0.572,0.254,151.000,111.000,0.576,0.95,100000
68,6,66.134,0.572,0.254,151.000,111.000,0.576,0.95,100000
69,6,66.134,0.572,0.255,151.000,111.000,0.576,0.95,100000
70,6,67.819,0.568,0.255,152.000,110.000,0.580,0.95,100000
71,6,68.681,0.499,0.256,139.000,123.000,0.531,0.95,100000
72,6,68.805,0.499,0.257,139.000,123.000,0.531,0.95,100000
73,6,68.858,0.499,0.257,139.000,123.000,0.531,0.95,100000
74,6,68.858,0.499,0.258,139.000,123.000,0.531,0.95,100000
75,6,68.858,0.499,0.258,139.000,123.000,0.531,0.95,100000
76,6,68.758,0.499,0.259,139.000,123.000,0.531,0.95,100000
77,6,69.995,0.499,0.260,139.000,123.000,0.531,0.95,100000
78,6,69.995,0.499,0.260,139.000,123.000,0.531,0.95,100000
79,6,69.995,0.499,0.261,139.000,123.000,0.531,0.95,100000
80,6,69.962,0.499,0.262,140.000,122.000,0.534,0.95,100000
81,6,69.784,0.501,0.262,141.000,121.000,0.538,0.95,100000
82,6,69.885,0.501,0.263,141.000,121.000,0.538,0.95,100000
83,6,69.654,0.507,0.263,141.000,121.000,0.538,0.95,100000
84,6,64.082,0.509,0.264,141.000,121.000,0.538,0.95,100000
85,6,64.082,0.509,0.264,141.000,121.000,0.538,0.95,100000
86,6,64.078,0.509,0.265,141.000,121.000,0.538,0.95,100000
87,6,64.969,0.509,0.265,141.000,121.000,0.538,0.95,100000
88,6,70.114,0.507,0.265,141.000,121.000,0.538,0.95,100000
89,6,69.866,0.507,0.267,141.000,121.000,0.538,0.95,100000
90,6,71.588,0.507,0.267,141.000,121.000,0.538,0.95,100000
91,6,71.588,0.507,0.267,141.000,121.000,0.538,0.95,100000
92,6,71.659,0.507,0.268,141.000,121.000,0.538,0.95,100000
93,6,75.402,0.442,0.268,127.000,135.000,0.485,0.95,100000
94,6,75.281,0.442,0.269,127.000,135.000,0.485,0.95,100000
95,6,75.207,0.444,0.269,127.000,135.000,0.485,0.95,100000
96,6,76.285,0.422,0.269,126.000,136.000,0.481,0.95,100000
97,6,76.243,0.422,0.270,126.000,136.000,0.481,0.95,100000
98,6,76.243,0.422,0.270,126.000,136.000,0.481,0.95,100000
99,6,76.243,0.422,0.270,126.000,136.000,0.481,0.95,100000
100,6,76.243,0.422,0.271,126.000,136.000,0.481,0.95,100000
