a,b,c,d,e,f,g,h,i,j,k
1,6,74.056,0.333,0.005,100.000,162.000,0.382,500,100,40
2,6,74.056,0.333,0.006,100.000,162.000,0.382,500,100,40
3,6,74.056,0.333,0.353,100.000,162.000,0.382,500,100,40
4,6,62.400,0.667,0.354,162.000,100.000,0.618,500,100,40
5,6,62.202,0.667,0.354,162.000,100.000,0.618,500,100,40
6,6,62.201,0.667,0.355,162.000,100.000,0.618,500,100,40
7,6,62.201,0.667,0.356,162.000,100.000,0.618,500,100,40
8,6,62.201,0.667,0.356,162.000,100.000,0.618,500,100,40
9,6,62.201,0.667,0.357,162.000,100.000,0.618,500,100,40
10,6,62.201,0.667,0.358,162.000,100.000,0.618,500,100,40
11,6,62.201,0.667,0.358,162.000,100.000,0.618,500,100,40
12,6,62.201,0.667,0.359,162.000,100.000,0.618,500,100,40
13,6,62.201,0.667,0.360,162.000,100.000,0.618,500,100,40
14,6,62.201,0.667,0.361,162.000,100.000,0.618,500,100,40
15,6,62.201,0.667,0.361,162.000,100.000,0.618,500,100,40
16,6,62.201,0.667,0.362,162.000,100.000,0.618,500,100,40
17,6,62.201,0.667,0.363,162.000,100.000,0.618,500,100,40
18,6,62.201,0.667,0.363,162.000,100.000,0.618,500,100,40
19,6,62.201,0.667,0.364,162.000,100.000,0.618,500,100,40
20,6,62.201,0.667,0.530,162.000,100.000,0.618,500,100,40
21,6,62.201,0.667,0.530,162.000,100.000,0.618,500,100,40
22,6,62.201,0.667,0.531,162.000,100.000,0.618,500,100,40
23,6,62.201,0.667,0.532,162.000,100.000,0.618,500,100,40
24,6,62.201,0.667,0.532,162.000,100.000,0.618,500,100,40
25,6,57.543,0.667,0.533,162.000,100.000,0.618,500,100,40
26,6,57.543,0.667,0.533,162.000,100.000,0.618,500,100,40
27,6,57.543,0.667,0.534,162.000,100.000,0.618,500,100,40
28,6,57.543,0.667,0.534,162.000,100.000,0.618,500,100,40
29,6,57.543,0.667,0.535,162.000,100.000,0.618,500,100,40
30,6,57.543,0.667,0.535,162.000,100.000,0.618,500,100,40
31,6,57.543,0.667,0.536,162.000,100.000,0.618,500,100,40
32,6,57.543,0.667,0.536,162.000,100.000,0.618,500,100,40
33,6,57.543,0.667,0.537,162.000,100.000,0.618,500,100,40
34,6,57.541,0.667,0.537,162.000,100.000,0.618,500,100,40
35,6,57.541,0.667,0.538,162.000,100.000,0.618,500,100,40
36,6,57.541,0.667,0.538,162.000,100.000,0.618,500,100,40
37,6,57.541,0.667,0.538,162.000,100.000,0.618,500,100,40
38,6,57.541,0.667,0.539,162.000,100.000,0.618,500,100,40
39,6,57.541,0.667,0.539,162.000,100.000,0.618,500,100,40
40,6,57.541,0.667,0.540,162.000,100.000,0.618,500,100,40
41,6,57.541,0.667,0.540,162.000,100.000,0.618,500,100,40
42,6,57.540,0.667,0.541,162.000,100.000,0.618,500,100,40
43,6,57.356,0.667,0.541,162.000,100.000,0.618,500,100,40
44,6,57.356,0.667,0.542,162.000,100.000,0.618,500,100,40
45,6,57.356,0.667,0.542,162.000,100.000,0.618,500,100,40
46,6,56.145,0.667,0.543,162.000,100.000,0.618,500,100,40
47,6,56.145,0.667,0.543,162.000,100.000,0.618,500,100,40
48,6,56.145,0.667,0.544,162.000,100.000,0.618,500,100,40
49,6,56.145,0.667,0.544,162.000,100.000,0.618,500,100,40
50,6,56.145,0.667,0.545,162.000,100.000,0.618,500,100,40
51,6,56.145,0.667,0.545,162.000,100.000,0.618,500,100,40
52,6,56.145,0.667,0.545,162.000,100.000,0.618,500,100,40
53,6,56.101,0.667,0.546,162.000,100.000,0.618,500,100,40
54,6,56.101,0.667,0.546,162.000,100.000,0.618,500,100,40
55,6,56.101,0.667,0.547,162.000,100.000,0.618,500,100,40
56,6,56.101,0.667,0.547,162.000,100.000,0.618,500,100,40
57,6,55.135,0.667,0.548,162.000,100.000,0.618,500,100,40
58,6,55.135,0.667,0.548,162.000,100.000,0.618,500,100,40
59,6,55.135,0.667,0.670,162.000,100.000,0.618,500,100,40
60,6,55.135,0.667,0.671,162.000,100.000,0.618,500,100,40
61,6,55.135,0.667,0.671,162.000,100.000,0.618,500,100,40
62,6,55.125,0.667,0.672,162.000,100.000,0.618,500,100,40
63,6,55.125,0.667,0.672,162.000,100.000,0.618,500,100,40
64,6,55.125,0.667,0.673,162.000,100.000,0.618,500,100,40
65,6,55.125,0.667,0.673,162.000,100.000,0.618,500,100,40
66,6,55.125,0.667,0.674,162.000,100.000,0.618,500,100,40
67,6,55.125,0.667,0.674,162.000,100.000,0.618,500,100,40
68,6,55.125,0.667,0.675,162.000,100.000,0.618,500,100,40
69,6,55.125,0.667,0.675,162.000,100.000,0.618,500,100,40
70,6,55.125,0.667,0.691,162.000,100.000,0.618,500,100,40
71,6,55.125,0.667,0.702,162.000,100.000,0.618,500,100,40
72,6,55.125,0.667,0.702,162.000,100.000,0.618,500,100,40
73,6,55.125,0.667,0.703,162.000,100.000,0.618,500,100,40
74,6,55.125,0.667,0.771,162.000,100.000,0.618,500,100,40
75,6,55.125,0.667,0.801,162.000,100.000,0.618,500,100,40
76,6,55.120,0.667,0.802,162.000,100.000,0.618,500,100,40
77,6,55.120,0.667,0.802,162.000,100.000,0.618,500,100,40
78,6,55.120,0.667,0.803,162.000,100.000,0.618,500,100,40
79,6,55.120,0.667,0.803,162.000,100.000,0.618,500,100,40
80,6,55.120,0.667,0.804,162.000,100.000,0.618,500,100,40
81,6,55.120,0.667,1.014,162.000,100.000,0.618,500,100,40
82,6,55.120,0.667,1.014,162.000,100.000,0.618,500,100,40
83,6,55.120,0.667,1.014,162.000,100.000,0.618,500,100,40
84,6,55.120,0.667,1.057,162.000,100.000,0.618,500,100,40
85,6,55.120,0.667,1.058,162.000,100.000,0.618,500,100,40
86,6,55.120,0.667,1.133,162.000,100.000,0.618,500,100,40
87,6,55.120,0.667,1.134,162.000,100.000,0.618,500,100,40
88,6,55.120,0.667,1.184,162.000,100.000,0.618,500,100,40
89,6,55.120,0.667,1.186,162.000,100.000,0.618,500,100,40
90,6,55.120,0.667,1.187,162.000,100.000,0.618,500,100,40
91,6,55.091,0.667,1.187,162.000,100.000,0.618,500,100,40
92,6,55.000,0.667,1.187,162.000,100.000,0.618,500,100,40
93,6,55.000,0.667,1.188,162.000,100.000,0.618,500,100,40
94,6,54.741,0.667,1.230,162.000,100.000,0.618,500,100,40
95,6,54.741,0.667,1.230,162.000,100.000,0.618,500,100,40
96,6,54.741,0.667,1.231,162.000,100.000,0.618,500,100,40
97,6,54.741,0.667,1.231,162.000,100.000,0.618,500,100,40
98,6,54.741,0.667,1.232,162.000,100.000,0.618,500,100,40
99,6,54.741,0.667,1.232,162.000,100.000,0.618,500,100,40
100,6,54.741,0.667,1.233,162.000,100.000,0.618,500,100,40
1,4,57.022,0.655,0.018,149.000,113.000,0.569,500,100,40
2,4,57.022,0.655,0.019,149.000,113.000,0.569,500,100,40
3,4,57.022,0.655,0.021,149.000,113.000,0.569,500,100,40
4,4,57.016,0.663,0.022,154.000,108.000,0.588,500,100,40
5,4,57.016,0.663,0.023,154.000,108.000,0.588,500,100,40
6,4,57.016,0.663,0.024,154.000,108.000,0.588,500,100,40
7,4,57.016,0.663,0.039,154.000,108.000,0.588,500,100,40
8,4,57.016,0.663,0.040,154.000,108.000,0.588,500,100,40
9,4,56.452,0.673,0.040,158.000,104.000,0.603,500,100,40
10,4,56.449,0.671,0.077,158.000,104.000,0.603,500,100,40
11,4,55.466,0.669,0.077,161.000,101.000,0.615,500,100,40
12,4,55.466,0.669,0.078,161.000,101.000,0.615,500,100,40
13,4,55.466,0.669,0.079,161.000,101.000,0.615,500,100,40
14,4,55.466,0.669,0.080,161.000,101.000,0.615,500,100,40
15,4,55.466,0.669,0.080,161.000,101.000,0.615,500,100,40
16,4,55.342,0.673,0.081,162.000,100.000,0.618,500,100,40
17,4,55.342,0.673,0.081,162.000,100.000,0.618,500,100,40
18,4,55.342,0.673,0.082,162.000,100.000,0.618,500,100,40
19,4,55.282,0.673,0.082,162.000,100.000,0.618,500,100,40
20,4,55.282,0.673,0.083,162.000,100.000,0.618,500,100,40
21,4,55.282,0.673,0.083,162.000,100.000,0.618,500,100,40
22,4,55.282,0.673,0.084,162.000,100.000,0.618,500,100,40
23,4,55.282,0.673,0.084,162.000,100.000,0.618,500,100,40
24,4,54.958,0.673,0.084,162.000,100.000,0.618,500,100,40
25,4,54.958,0.673,0.085,162.000,100.000,0.618,500,100,40
26,4,54.956,0.673,0.085,162.000,100.000,0.618,500,100,40
27,4,54.956,0.673,0.086,162.000,100.000,0.618,500,100,40
28,4,54.906,0.675,0.086,157.000,105.000,0.599,500,100,40
29,4,54.906,0.675,0.087,157.000,105.000,0.599,500,100,40
30,4,54.906,0.675,0.087,157.000,105.000,0.599,500,100,40
31,4,54.906,0.675,0.088,157.000,105.000,0.599,500,100,40
32,4,54.906,0.675,0.088,157.000,105.000,0.599,500,100,40
33,4,54.906,0.675,0.089,157.000,105.000,0.599,500,100,40
34,4,54.906,0.675,0.089,157.000,105.000,0.599,500,100,40
35,4,54.906,0.675,0.089,157.000,105.000,0.599,500,100,40
36,4,54.906,0.675,0.090,157.000,105.000,0.599,500,100,40
37,4,54.906,0.675,0.090,157.000,105.000,0.599,500,100,40
38,4,54.884,0.675,0.091,157.000,105.000,0.599,500,100,40
39,4,54.884,0.675,0.091,157.000,105.000,0.599,500,100,40
40,4,54.884,0.675,0.092,157.000,105.000,0.599,500,100,40
41,4,54.884,0.675,0.092,157.000,105.000,0.599,500,100,40
42,4,54.256,0.675,0.092,157.000,105.000,0.599,500,100,40
43,4,54.256,0.675,0.093,157.000,105.000,0.599,500,100,40
44,4,54.256,0.675,0.093,157.000,105.000,0.599,500,100,40
45,4,54.256,0.675,0.094,157.000,105.000,0.599,500,100,40
46,4,54.256,0.675,0.094,157.000,105.000,0.599,500,100,40
47,4,54.203,0.675,0.095,161.000,101.000,0.615,500,100,40
48,4,54.203,0.675,0.095,161.000,101.000,0.615,500,100,40
49,4,54.203,0.675,0.096,161.000,101.000,0.615,500,100,40
50,4,53.903,0.667,0.096,159.000,103.000,0.607,500,100,40
51,4,53.903,0.667,0.097,159.000,103.000,0.607,500,100,40
52,4,53.903,0.667,0.097,159.000,103.000,0.607,500,100,40
53,4,53.903,0.667,0.098,159.000,103.000,0.607,500,100,40
54,4,53.900,0.667,0.098,159.000,103.000,0.607,500,100,40
55,4,53.900,0.667,0.099,159.000,103.000,0.607,500,100,40
56,4,53.900,0.667,0.099,159.000,103.000,0.607,500,100,40
57,4,53.900,0.667,0.099,159.000,103.000,0.607,500,100,40
58,4,53.900,0.667,0.104,159.000,103.000,0.607,500,100,40
59,4,53.896,0.669,0.104,159.000,103.000,0.607,500,100,40
60,4,53.896,0.669,0.105,159.000,103.000,0.607,500,100,40
61,4,53.896,0.669,0.105,159.000,103.000,0.607,500,100,40
62,4,53.896,0.669,0.106,159.000,103.000,0.607,500,100,40
63,4,53.896,0.669,0.106,159.000,103.000,0.607,500,100,40
64,4,53.896,0.669,0.107,159.000,103.000,0.607,500,100,40
65,4,53.896,0.669,0.107,159.000,103.000,0.607,500,100,40
66,4,53.852,0.661,0.152,157.000,105.000,0.599,500,100,40
67,4,53.847,0.661,0.152,157.000,105.000,0.599,500,100,40
68,4,53.847,0.661,0.153,157.000,105.000,0.599,500,100,40
69,4,53.813,0.659,0.153,157.000,105.000,0.599,500,100,40
70,4,53.032,0.663,0.154,157.000,105.000,0.599,500,100,40
71,4,53.032,0.663,0.216,157.000,105.000,0.599,500,100,40
72,4,52.843,0.665,0.216,159.000,103.000,0.607,500,100,40
73,4,52.843,0.665,0.216,159.000,103.000,0.607,500,100,40
74,4,52.843,0.665,0.217,159.000,103.000,0.607,500,100,40
75,4,52.843,0.665,0.217,159.000,103.000,0.607,500,100,40
76,4,52.843,0.665,0.230,159.000,103.000,0.607,500,100,40
77,4,52.843,0.665,0.230,159.000,103.000,0.607,500,100,40
78,4,52.843,0.665,0.231,159.000,103.000,0.607,500,100,40
79,4,52.843,0.665,0.275,159.000,103.000,0.607,500,100,40
80,4,52.316,0.661,0.275,154.000,108.000,0.588,500,100,40
81,4,52.212,0.661,0.275,154.000,108.000,0.588,500,100,40
82,4,52.212,0.661,0.276,154.000,108.000,0.588,500,100,40
83,4,52.212,0.661,0.276,154.000,108.000,0.588,500,100,40
84,4,52.212,0.661,0.277,154.000,108.000,0.588,500,100,40
85,4,52.212,0.661,0.277,154.000,108.000,0.588,500,100,40
86,4,52.212,0.661,0.278,154.000,108.000,0.588,500,100,40
87,4,52.212,0.661,0.278,154.000,108.000,0.588,500,100,40
88,4,52.212,0.661,0.291,154.000,108.000,0.588,500,100,40
89,4,52.212,0.661,0.292,154.000,108.000,0.588,500,100,40
90,4,52.212,0.661,0.329,154.000,108.000,0.588,500,100,40
91,4,52.212,0.661,0.329,154.000,108.000,0.588,500,100,40
92,4,52.212,0.661,0.330,154.000,108.000,0.588,500,100,40
93,4,52.212,0.661,0.330,154.000,108.000,0.588,500,100,40
94,4,52.212,0.661,0.331,154.000,108.000,0.588,500,100,40
95,4,52.212,0.661,0.347,154.000,108.000,0.588,500,100,40
96,4,52.212,0.661,0.370,154.000,108.000,0.588,500,100,40
97,4,52.212,0.661,0.371,154.000,108.000,0.588,500,100,40
98,4,52.212,0.661,0.371,154.000,108.000,0.588,500,100,40
99,4,52.212,0.661,0.372,154.000,108.000,0.588,500,100,40
100,4,52.212,0.661,0.372,154.000,108.000,0.588,500,100,40
1,2,62.443,0.521,0.004,143.000,119.000,0.546,500,100,40
2,2,62.443,0.521,0.006,143.000,119.000,0.546,500,100,40
3,2,62.443,0.521,0.008,143.000,119.000,0.546,500,100,40
4,2,62.443,0.521,0.010,143.000,119.000,0.546,500,100,40
5,2,57.244,0.643,0.011,162.000,100.000,0.618,500,100,40
6,2,57.244,0.643,0.013,162.000,100.000,0.618,500,100,40
7,2,57.244,0.643,0.014,162.000,100.000,0.618,500,100,40
8,2,57.244,0.643,0.015,162.000,100.000,0.618,500,100,40
9,2,57.244,0.643,0.015,162.000,100.000,0.618,500,100,40
10,2,56.969,0.653,0.128,161.000,101.000,0.615,500,100,40
11,2,56.969,0.653,0.129,161.000,101.000,0.615,500,100,40
12,2,56.969,0.653,0.129,161.000,101.000,0.615,500,100,40
13,2,56.965,0.651,0.130,161.000,101.000,0.615,500,100,40
14,2,56.965,0.651,0.131,161.000,101.000,0.615,500,100,40
15,2,56.965,0.651,0.131,161.000,101.000,0.615,500,100,40
16,2,56.965,0.651,0.132,161.000,101.000,0.615,500,100,40
17,2,56.948,0.651,0.234,161.000,101.000,0.615,500,100,40
18,2,56.948,0.651,0.234,161.000,101.000,0.615,500,100,40
19,2,56.912,0.651,0.234,161.000,101.000,0.615,500,100,40
20,2,56.425,0.651,0.235,161.000,101.000,0.615,500,100,40
21,2,56.425,0.651,0.237,161.000,101.000,0.615,500,100,40
22,2,56.425,0.651,0.237,161.000,101.000,0.615,500,100,40
23,2,56.425,0.651,0.238,161.000,101.000,0.615,500,100,40
24,2,56.425,0.651,0.238,161.000,101.000,0.615,500,100,40
25,2,56.425,0.651,0.239,161.000,101.000,0.615,500,100,40
26,2,56.425,0.651,0.241,161.000,101.000,0.615,500,100,40
27,2,56.425,0.651,0.241,161.000,101.000,0.615,500,100,40
28,2,56.425,0.651,0.241,161.000,101.000,0.615,500,100,40
29,2,56.425,0.651,0.242,161.000,101.000,0.615,500,100,40
30,2,56.425,0.651,0.242,161.000,101.000,0.615,500,100,40
31,2,56.425,0.651,0.243,161.000,101.000,0.615,500,100,40
32,2,56.425,0.651,0.243,161.000,101.000,0.615,500,100,40
33,2,56.425,0.651,0.244,161.000,101.000,0.615,500,100,40
34,2,56.425,0.651,0.244,161.000,101.000,0.615,500,100,40
35,2,56.425,0.651,0.245,161.000,101.000,0.615,500,100,40
36,2,56.425,0.651,0.245,161.000,101.000,0.615,500,100,40
37,2,56.425,0.651,0.246,161.000,101.000,0.615,500,100,40
38,2,56.425,0.651,0.246,161.000,101.000,0.615,500,100,40
39,2,56.425,0.651,0.247,161.000,101.000,0.615,500,100,40
40,2,56.425,0.651,0.248,161.000,101.000,0.615,500,100,40
41,2,56.425,0.651,0.249,161.000,101.000,0.615,500,100,40
42,2,56.425,0.651,0.250,161.000,101.000,0.615,500,100,40
43,2,56.425,0.651,0.250,161.000,101.000,0.615,500,100,40
44,2,56.425,0.651,0.250,161.000,101.000,0.615,500,100,40
45,2,56.425,0.651,0.251,161.000,101.000,0.615,500,100,40
46,2,56.425,0.651,0.251,161.000,101.000,0.615,500,100,40
47,2,56.425,0.651,0.252,161.000,101.000,0.615,500,100,40
48,2,56.425,0.651,0.252,161.000,101.000,0.615,500,100,40
49,2,56.425,0.651,0.253,161.000,101.000,0.615,500,100,40
50,2,56.425,0.651,0.253,161.000,101.000,0.615,500,100,40
51,2,56.417,0.651,0.254,161.000,101.000,0.615,500,100,40
52,2,56.417,0.651,0.254,161.000,101.000,0.615,500,100,40
53,2,56.417,0.651,0.254,161.000,101.000,0.615,500,100,40
54,2,56.417,0.651,0.255,161.000,101.000,0.615,500,100,40
55,2,56.417,0.651,0.255,161.000,101.000,0.615,500,100,40
56,2,56.417,0.651,0.256,161.000,101.000,0.615,500,100,40
57,2,56.417,0.651,0.256,161.000,101.000,0.615,500,100,40
58,2,56.417,0.651,0.257,161.000,101.000,0.615,500,100,40
59,2,56.417,0.651,0.257,161.000,101.000,0.615,500,100,40
60,2,56.417,0.651,0.258,161.000,101.000,0.615,500,100,40
61,2,56.417,0.651,0.258,161.000,101.000,0.615,500,100,40
62,2,56.417,0.651,0.258,161.000,101.000,0.615,500,100,40
63,2,56.417,0.651,0.263,161.000,101.000,0.615,500,100,40
64,2,56.416,0.651,0.297,161.000,101.000,0.615,500,100,40
65,2,56.416,0.651,0.344,161.000,101.000,0.615,500,100,40
66,2,56.416,0.651,0.344,161.000,101.000,0.615,500,100,40
67,2,56.416,0.651,0.345,161.000,101.000,0.615,500,100,40
68,2,56.416,0.651,0.345,161.000,101.000,0.615,500,100,40
69,2,55.851,0.665,0.346,162.000,100.000,0.618,500,100,40
70,2,55.851,0.665,0.346,162.000,100.000,0.618,500,100,40
71,2,55.851,0.665,0.347,162.000,100.000,0.618,500,100,40
72,2,55.851,0.665,0.347,162.000,100.000,0.618,500,100,40
73,2,55.851,0.665,0.348,162.000,100.000,0.618,500,100,40
74,2,55.851,0.665,0.348,162.000,100.000,0.618,500,100,40
75,2,55.851,0.665,0.350,162.000,100.000,0.618,500,100,40
76,2,55.851,0.665,0.350,162.000,100.000,0.618,500,100,40
77,2,55.682,0.665,0.351,163.000,99.000,0.622,500,100,40
78,2,55.682,0.665,0.351,163.000,99.000,0.622,500,100,40
79,2,55.682,0.665,0.352,163.000,99.000,0.622,500,100,40
80,2,55.682,0.665,0.352,163.000,99.000,0.622,500,100,40
81,2,55.682,0.665,0.353,163.000,99.000,0.622,500,100,40
82,2,55.682,0.665,0.353,163.000,99.000,0.622,500,100,40
83,2,55.679,0.665,0.354,163.000,99.000,0.622,500,100,40
84,2,55.679,0.665,0.432,163.000,99.000,0.622,500,100,40
85,2,55.632,0.667,0.432,162.000,100.000,0.618,500,100,40
86,2,55.632,0.667,0.433,162.000,100.000,0.618,500,100,40
87,2,55.632,0.667,0.460,162.000,100.000,0.618,500,100,40
88,2,55.632,0.667,0.461,162.000,100.000,0.618,500,100,40
89,2,55.625,0.667,0.461,162.000,100.000,0.618,500,100,40
90,2,55.625,0.667,0.482,162.000,100.000,0.618,500,100,40
91,2,55.380,0.667,0.483,163.000,99.000,0.622,500,100,40
92,2,55.380,0.667,0.483,163.000,99.000,0.622,500,100,40
93,2,55.380,0.667,0.484,163.000,99.000,0.622,500,100,40
94,2,55.380,0.667,0.484,163.000,99.000,0.622,500,100,40
95,2,55.380,0.667,0.487,163.000,99.000,0.622,500,100,40
96,2,55.380,0.667,0.505,163.000,99.000,0.622,500,100,40
97,2,55.350,0.667,0.526,163.000,99.000,0.622,500,100,40
98,2,55.350,0.667,0.545,163.000,99.000,0.622,500,100,40
99,2,55.350,0.667,0.546,163.000,99.000,0.622,500,100,40
100,2,55.350,0.667,0.560,163.000,99.000,0.622,500,100,40
1,3,65.158,0.337,0.004,104.000,158.000,0.397,500,100,40
2,3,61.963,0.665,0.006,163.000,99.000,0.622,500,100,40
3,3,61.963,0.665,0.007,163.000,99.000,0.622,500,100,40
4,3,61.963,0.665,0.009,163.000,99.000,0.622,500,100,40
5,3,61.963,0.665,0.010,163.000,99.000,0.622,500,100,40
6,3,61.960,0.667,0.011,163.000,99.000,0.622,500,100,40
7,3,61.960,0.667,0.011,163.000,99.000,0.622,500,100,40
8,3,61.960,0.667,0.012,163.000,99.000,0.622,500,100,40
9,3,61.960,0.667,0.012,163.000,99.000,0.622,500,100,40
10,3,61.960,0.667,0.152,163.000,99.000,0.622,500,100,40
11,3,61.960,0.667,0.153,163.000,99.000,0.622,500,100,40
12,3,61.960,0.667,0.154,163.000,99.000,0.622,500,100,40
13,3,61.960,0.667,0.154,163.000,99.000,0.622,500,100,40
14,3,61.960,0.667,0.155,163.000,99.000,0.622,500,100,40
15,3,61.960,0.667,0.156,163.000,99.000,0.622,500,100,40
16,3,61.960,0.667,0.156,163.000,99.000,0.622,500,100,40
17,3,61.960,0.667,0.157,163.000,99.000,0.622,500,100,40
18,3,61.960,0.667,0.157,163.000,99.000,0.622,500,100,40
19,3,61.960,0.667,0.158,163.000,99.000,0.622,500,100,40
20,3,61.960,0.667,0.158,163.000,99.000,0.622,500,100,40
21,3,61.648,0.669,0.159,164.000,98.000,0.626,500,100,40
22,3,61.648,0.669,0.159,164.000,98.000,0.626,500,100,40
23,3,61.648,0.669,0.160,164.000,98.000,0.626,500,100,40
24,3,61.648,0.669,0.160,164.000,98.000,0.626,500,100,40
25,3,61.648,0.669,0.161,164.000,98.000,0.626,500,100,40
26,3,61.648,0.669,0.161,164.000,98.000,0.626,500,100,40
27,3,61.648,0.669,0.162,164.000,98.000,0.626,500,100,40
28,3,61.648,0.669,0.162,164.000,98.000,0.626,500,100,40
29,3,61.642,0.669,0.162,162.000,100.000,0.618,500,100,40
30,3,58.447,0.667,0.163,162.000,100.000,0.618,500,100,40
31,3,58.447,0.667,0.163,162.000,100.000,0.618,500,100,40
32,3,58.447,0.667,0.164,162.000,100.000,0.618,500,100,40
33,3,58.447,0.667,0.164,162.000,100.000,0.618,500,100,40
34,3,58.447,0.667,0.165,162.000,100.000,0.618,500,100,40
35,3,58.447,0.667,0.177,162.000,100.000,0.618,500,100,40
36,3,58.447,0.667,0.178,162.000,100.000,0.618,500,100,40
37,3,58.447,0.667,0.178,162.000,100.000,0.618,500,100,40
38,3,58.447,0.667,0.179,162.000,100.000,0.618,500,100,40
39,3,58.447,0.667,0.179,162.000,100.000,0.618,500,100,40
40,3,57.983,0.667,0.180,162.000,100.000,0.618,500,100,40
41,3,57.983,0.667,0.180,162.000,100.000,0.618,500,100,40
42,3,56.841,0.667,0.181,162.000,100.000,0.618,500,100,40
43,3,56.841,0.667,0.181,162.000,100.000,0.618,500,100,40
44,3,56.841,0.667,0.182,162.000,100.000,0.618,500,100,40
45,3,56.738,0.667,0.182,162.000,100.000,0.618,500,100,40
46,3,56.738,0.667,0.182,162.000,100.000,0.618,500,100,40
47,3,56.738,0.667,0.183,162.000,100.000,0.618,500,100,40
48,3,56.738,0.667,0.183,162.000,100.000,0.618,500,100,40
49,3,56.738,0.667,0.184,162.000,100.000,0.618,500,100,40
50,3,56.738,0.667,0.184,162.000,100.000,0.618,500,100,40
51,3,56.738,0.667,0.185,162.000,100.000,0.618,500,100,40
52,3,56.738,0.667,0.186,162.000,100.000,0.618,500,100,40
53,3,56.738,0.667,0.334,162.000,100.000,0.618,500,100,40
54,3,56.738,0.667,0.335,162.000,100.000,0.618,500,100,40
55,3,56.738,0.667,0.335,162.000,100.000,0.618,500,100,40
56,3,56.713,0.667,0.335,162.000,100.000,0.618,500,100,40
57,3,56.713,0.667,0.340,162.000,100.000,0.618,500,100,40
58,3,56.713,0.667,0.341,162.000,100.000,0.618,500,100,40
59,3,56.713,0.667,0.341,162.000,100.000,0.618,500,100,40
60,3,56.713,0.667,0.342,162.000,100.000,0.618,500,100,40
61,3,56.713,0.667,0.381,162.000,100.000,0.618,500,100,40
62,3,56.713,0.667,0.381,162.000,100.000,0.618,500,100,40
63,3,56.713,0.667,0.382,162.000,100.000,0.618,500,100,40
64,3,56.713,0.667,0.382,162.000,100.000,0.618,500,100,40
65,3,56.713,0.667,0.383,162.000,100.000,0.618,500,100,40
66,3,56.713,0.667,0.383,162.000,100.000,0.618,500,100,40
67,3,56.666,0.667,0.384,162.000,100.000,0.618,500,100,40
68,3,56.666,0.667,0.384,162.000,100.000,0.618,500,100,40
69,3,56.666,0.667,0.385,162.000,100.000,0.618,500,100,40
70,3,56.624,0.667,0.385,162.000,100.000,0.618,500,100,40
71,3,55.970,0.667,0.386,162.000,100.000,0.618,500,100,40
72,3,55.970,0.667,0.386,162.000,100.000,0.618,500,100,40
73,3,55.970,0.667,0.387,162.000,100.000,0.618,500,100,40
74,3,55.970,0.667,0.420,162.000,100.000,0.618,500,100,40
75,3,55.852,0.667,0.421,162.000,100.000,0.618,500,100,40
76,3,55.852,0.667,0.421,162.000,100.000,0.618,500,100,40
77,3,55.852,0.667,0.421,162.000,100.000,0.618,500,100,40
78,3,55.852,0.667,0.422,162.000,100.000,0.618,500,100,40
79,3,55.852,0.667,0.422,162.000,100.000,0.618,500,100,40
80,3,55.852,0.667,0.427,162.000,100.000,0.618,500,100,40
81,3,55.852,0.667,0.428,162.000,100.000,0.618,500,100,40
82,3,55.852,0.667,0.428,162.000,100.000,0.618,500,100,40
83,3,55.852,0.667,0.474,162.000,100.000,0.618,500,100,40
84,3,55.852,0.667,0.474,162.000,100.000,0.618,500,100,40
85,3,55.852,0.667,0.500,162.000,100.000,0.618,500,100,40
86,3,55.852,0.667,0.501,162.000,100.000,0.618,500,100,40
87,3,55.852,0.667,0.549,162.000,100.000,0.618,500,100,40
88,3,55.852,0.667,0.549,162.000,100.000,0.618,500,100,40
89,3,55.850,0.667,0.550,162.000,100.000,0.618,500,100,40
90,3,55.850,0.667,0.550,162.000,100.000,0.618,500,100,40
91,3,55.850,0.667,0.551,162.000,100.000,0.618,500,100,40
92,3,55.850,0.667,0.551,162.000,100.000,0.618,500,100,40
93,3,55.850,0.667,0.598,162.000,100.000,0.618,500,100,40
94,3,55.850,0.667,0.622,162.000,100.000,0.618,500,100,40
95,3,55.850,0.667,0.622,162.000,100.000,0.618,500,100,40
96,3,55.850,0.667,0.650,162.000,100.000,0.618,500,100,40
97,3,55.850,0.667,0.651,162.000,100.000,0.618,500,100,40
98,3,55.850,0.667,0.651,162.000,100.000,0.618,500,100,40
99,3,55.850,0.667,0.652,162.000,100.000,0.618,500,100,40
100,3,55.849,0.667,0.652,162.000,100.000,0.618,500,100,40
1,10,57.907,0.665,0.005,163.000,99.000,0.622,500,100,40
2,10,57.907,0.665,0.007,163.000,99.000,0.622,500,100,40
3,10,57.907,0.665,0.008,163.000,99.000,0.622,500,100,40
4,10,57.907,0.665,0.009,163.000,99.000,0.622,500,100,40
5,10,57.907,0.665,0.011,163.000,99.000,0.622,500,100,40
6,10,57.907,0.665,0.011,163.000,99.000,0.622,500,100,40
7,10,57.907,0.665,0.012,163.000,99.000,0.622,500,100,40
8,10,57.907,0.665,0.012,163.000,99.000,0.622,500,100,40
9,10,57.907,0.665,0.013,163.000,99.000,0.622,500,100,40
10,10,57.907,0.665,0.014,163.000,99.000,0.622,500,100,40
11,10,57.907,0.665,0.014,163.000,99.000,0.622,500,100,40
12,10,57.903,0.665,0.015,163.000,99.000,0.622,500,100,40
13,10,57.903,0.665,0.016,163.000,99.000,0.622,500,100,40
14,10,57.903,0.665,0.017,163.000,99.000,0.622,500,100,40
15,10,57.903,0.665,0.017,163.000,99.000,0.622,500,100,40
16,10,55.925,0.665,0.018,163.000,99.000,0.622,500,100,40
17,10,55.537,0.665,0.018,163.000,99.000,0.622,500,100,40
18,10,55.537,0.665,0.019,163.000,99.000,0.622,500,100,40
19,10,55.537,0.665,0.019,163.000,99.000,0.622,500,100,40
20,10,55.531,0.665,0.020,163.000,99.000,0.622,500,100,40
21,10,55.531,0.665,0.020,163.000,99.000,0.622,500,100,40
22,10,55.531,0.665,0.021,163.000,99.000,0.622,500,100,40
23,10,55.531,0.665,0.021,163.000,99.000,0.622,500,100,40
24,10,55.362,0.667,0.021,162.000,100.000,0.618,500,100,40
25,10,55.362,0.667,0.022,162.000,100.000,0.618,500,100,40
26,10,55.362,0.667,0.022,162.000,100.000,0.618,500,100,40
27,10,55.362,0.667,0.023,162.000,100.000,0.618,500,100,40
28,10,55.337,0.667,0.023,162.000,100.000,0.618,500,100,40
29,10,55.327,0.667,0.024,162.000,100.000,0.618,500,100,40
30,10,55.327,0.667,0.024,162.000,100.000,0.618,500,100,40
31,10,55.327,0.667,0.025,162.000,100.000,0.618,500,100,40
32,10,55.327,0.667,0.025,162.000,100.000,0.618,500,100,40
33,10,55.327,0.667,0.025,162.000,100.000,0.618,500,100,40
34,10,55.327,0.667,0.026,162.000,100.000,0.618,500,100,40
35,10,55.327,0.667,0.026,162.000,100.000,0.618,500,100,40
36,10,55.327,0.667,0.027,162.000,100.000,0.618,500,100,40
37,10,55.233,0.667,0.027,162.000,100.000,0.618,500,100,40
38,10,55.233,0.667,0.028,162.000,100.000,0.618,500,100,40
39,10,55.233,0.667,0.028,162.000,100.000,0.618,500,100,40
40,10,55.233,0.667,0.029,162.000,100.000,0.618,500,100,40
41,10,54.865,0.675,0.030,164.000,98.000,0.626,500,100,40
42,10,54.865,0.675,0.030,164.000,98.000,0.626,500,100,40
43,10,54.865,0.675,0.031,164.000,98.000,0.626,500,100,40
44,10,54.865,0.675,0.031,164.000,98.000,0.626,500,100,40
45,10,54.858,0.675,0.031,164.000,98.000,0.626,500,100,40
46,10,54.858,0.675,0.032,164.000,98.000,0.626,500,100,40
47,10,54.858,0.675,0.032,164.000,98.000,0.626,500,100,40
48,10,54.858,0.675,0.033,164.000,98.000,0.626,500,100,40
49,10,54.858,0.675,0.033,164.000,98.000,0.626,500,100,40
50,10,54.768,0.675,0.034,164.000,98.000,0.626,500,100,40
51,10,54.768,0.675,0.034,164.000,98.000,0.626,500,100,40
52,10,54.768,0.675,0.034,164.000,98.000,0.626,500,100,40
53,10,54.768,0.675,0.035,164.000,98.000,0.626,500,100,40
54,10,54.768,0.675,0.035,164.000,98.000,0.626,500,100,40
55,10,54.768,0.675,0.036,164.000,98.000,0.626,500,100,40
56,10,54.768,0.675,0.036,164.000,98.000,0.626,500,100,40
57,10,54.764,0.675,0.037,164.000,98.000,0.626,500,100,40
58,10,54.764,0.675,0.066,164.000,98.000,0.626,500,100,40
59,10,54.764,0.675,0.090,164.000,98.000,0.626,500,100,40
60,10,54.761,0.675,0.090,164.000,98.000,0.626,500,100,40
61,10,54.761,0.675,0.115,164.000,98.000,0.626,500,100,40
62,10,54.761,0.675,0.201,164.000,98.000,0.626,500,100,40
63,10,54.761,0.675,0.202,164.000,98.000,0.626,500,100,40
64,10,54.761,0.675,0.202,164.000,98.000,0.626,500,100,40
65,10,54.761,0.675,0.203,164.000,98.000,0.626,500,100,40
66,10,54.761,0.675,0.203,164.000,98.000,0.626,500,100,40
67,10,54.761,0.675,0.204,164.000,98.000,0.626,500,100,40
68,10,54.761,0.675,0.204,164.000,98.000,0.626,500,100,40
69,10,54.761,0.675,0.204,164.000,98.000,0.626,500,100,40
70,10,54.650,0.675,0.205,164.000,98.000,0.626,500,100,40
71,10,54.650,0.675,0.205,164.000,98.000,0.626,500,100,40
72,10,54.650,0.675,0.206,164.000,98.000,0.626,500,100,40
73,10,54.650,0.675,0.207,164.000,98.000,0.626,500,100,40
74,10,54.650,0.675,0.207,164.000,98.000,0.626,500,100,40
75,10,54.650,0.675,0.208,164.000,98.000,0.626,500,100,40
76,10,54.650,0.675,0.208,164.000,98.000,0.626,500,100,40
77,10,54.650,0.675,0.209,164.000,98.000,0.626,500,100,40
78,10,54.650,0.675,0.209,164.000,98.000,0.626,500,100,40
79,10,54.650,0.675,0.336,164.000,98.000,0.626,500,100,40
80,10,54.650,0.675,0.365,164.000,98.000,0.626,500,100,40
81,10,54.650,0.675,0.365,164.000,98.000,0.626,500,100,40
82,10,54.650,0.675,0.366,164.000,98.000,0.626,500,100,40
83,10,54.650,0.675,0.366,164.000,98.000,0.626,500,100,40
84,10,54.650,0.675,0.367,164.000,98.000,0.626,500,100,40
85,10,54.650,0.675,0.368,164.000,98.000,0.626,500,100,40
86,10,54.650,0.675,0.368,164.000,98.000,0.626,500,100,40
87,10,54.602,0.675,0.369,163.000,99.000,0.622,500,100,40
88,10,54.481,0.675,0.369,163.000,99.000,0.622,500,100,40
89,10,54.466,0.675,0.369,163.000,99.000,0.622,500,100,40
90,10,54.466,0.675,0.370,163.000,99.000,0.622,500,100,40
91,10,54.466,0.675,0.371,163.000,99.000,0.622,500,100,40
92,10,54.466,0.675,0.371,163.000,99.000,0.622,500,100,40
93,10,54.466,0.675,0.372,163.000,99.000,0.622,500,100,40
94,10,54.466,0.675,0.372,163.000,99.000,0.622,500,100,40
95,10,54.466,0.675,0.373,163.000,99.000,0.622,500,100,40
96,10,54.466,0.675,0.373,163.000,99.000,0.622,500,100,40
97,10,54.466,0.675,0.389,163.000,99.000,0.622,500,100,40
98,10,54.466,0.675,0.389,163.000,99.000,0.622,500,100,40
99,10,54.466,0.675,0.390,163.000,99.000,0.622,500,100,40
100,10,54.466,0.675,0.390,163.000,99.000,0.622,500,100,40
1,5,67.217,0.335,0.005,101.000,161.000,0.385,500,100,40
2,5,67.217,0.335,0.007,101.000,161.000,0.385,500,100,40
3,5,67.217,0.335,0.008,101.000,161.000,0.385,500,100,40
4,5,67.217,0.335,0.009,101.000,161.000,0.385,500,100,40
5,5,67.217,0.335,0.011,101.000,161.000,0.385,500,100,40
6,5,67.217,0.335,0.011,101.000,161.000,0.385,500,100,40
7,5,66.720,0.335,0.012,101.000,161.000,0.385,500,100,40
8,5,66.720,0.335,0.013,101.000,161.000,0.385,500,100,40
9,5,66.098,0.355,0.013,102.000,160.000,0.389,500,100,40
10,5,66.098,0.355,0.014,102.000,160.000,0.389,500,100,40
11,5,66.098,0.355,0.015,102.000,160.000,0.389,500,100,40
12,5,66.098,0.355,0.016,102.000,160.000,0.389,500,100,40
13,5,66.098,0.355,0.016,102.000,160.000,0.389,500,100,40
14,5,66.098,0.355,0.017,102.000,160.000,0.389,500,100,40
15,5,66.098,0.355,0.018,102.000,160.000,0.389,500,100,40
16,5,65.881,0.357,0.019,102.000,160.000,0.389,500,100,40
17,5,57.847,0.667,0.019,162.000,100.000,0.618,500,100,40
18,5,57.847,0.667,0.019,162.000,100.000,0.618,500,100,40
19,5,57.847,0.667,0.020,162.000,100.000,0.618,500,100,40
20,5,57.796,0.667,0.020,162.000,100.000,0.618,500,100,40
21,5,57.783,0.667,0.021,162.000,100.000,0.618,500,100,40
22,5,57.783,0.667,0.021,162.000,100.000,0.618,500,100,40
23,5,57.783,0.667,0.022,162.000,100.000,0.618,500,100,40
24,5,57.783,0.667,0.022,162.000,100.000,0.618,500,100,40
25,5,57.783,0.667,0.023,162.000,100.000,0.618,500,100,40
26,5,57.783,0.667,0.023,162.000,100.000,0.618,500,100,40
27,5,57.783,0.667,0.024,162.000,100.000,0.618,500,100,40
28,5,57.783,0.667,0.024,162.000,100.000,0.618,500,100,40
29,5,57.783,0.667,0.024,162.000,100.000,0.618,500,100,40
30,5,57.783,0.667,0.025,162.000,100.000,0.618,500,100,40
31,5,57.783,0.667,0.025,162.000,100.000,0.618,500,100,40
32,5,57.783,0.667,0.026,162.000,100.000,0.618,500,100,40
33,5,56.334,0.667,0.026,162.000,100.000,0.618,500,100,40
34,5,56.333,0.667,0.027,162.000,100.000,0.618,500,100,40
35,5,56.333,0.667,0.027,162.000,100.000,0.618,500,100,40
36,5,56.333,0.667,0.028,162.000,100.000,0.618,500,100,40
37,5,56.323,0.667,0.029,162.000,100.000,0.618,500,100,40
38,5,56.323,0.667,0.029,162.000,100.000,0.618,500,100,40
39,5,56.278,0.667,0.029,162.000,100.000,0.618,500,100,40
40,5,56.271,0.667,0.030,162.000,100.000,0.618,500,100,40
41,5,56.271,0.667,0.030,162.000,100.000,0.618,500,100,40
42,5,56.271,0.667,0.031,162.000,100.000,0.618,500,100,40
43,5,56.271,0.667,0.031,162.000,100.000,0.618,500,100,40
44,5,56.271,0.667,0.032,162.000,100.000,0.618,500,100,40
45,5,56.271,0.667,0.032,162.000,100.000,0.618,500,100,40
46,5,56.271,0.667,0.033,162.000,100.000,0.618,500,100,40
47,5,56.271,0.667,0.237,162.000,100.000,0.618,500,100,40
48,5,56.271,0.667,0.238,162.000,100.000,0.618,500,100,40
49,5,56.271,0.667,0.264,162.000,100.000,0.618,500,100,40
50,5,56.271,0.667,0.264,162.000,100.000,0.618,500,100,40
51,5,56.271,0.667,0.265,162.000,100.000,0.618,500,100,40
52,5,56.271,0.667,0.265,162.000,100.000,0.618,500,100,40
53,5,56.271,0.667,0.266,162.000,100.000,0.618,500,100,40
54,5,56.271,0.667,0.266,162.000,100.000,0.618,500,100,40
55,5,56.264,0.667,0.320,162.000,100.000,0.618,500,100,40
56,5,56.264,0.667,0.321,162.000,100.000,0.618,500,100,40
57,5,56.261,0.667,0.321,162.000,100.000,0.618,500,100,40
58,5,56.183,0.667,0.322,162.000,100.000,0.618,500,100,40
59,5,56.173,0.667,0.322,162.000,100.000,0.618,500,100,40
60,5,56.173,0.667,0.348,162.000,100.000,0.618,500,100,40
61,5,56.173,0.667,0.421,162.000,100.000,0.618,500,100,40
62,5,56.173,0.667,0.421,162.000,100.000,0.618,500,100,40
63,5,56.173,0.667,0.422,162.000,100.000,0.618,500,100,40
64,5,56.173,0.667,0.422,162.000,100.000,0.618,500,100,40
65,5,56.173,0.667,0.422,162.000,100.000,0.618,500,100,40
66,5,56.173,0.667,0.423,162.000,100.000,0.618,500,100,40
67,5,56.173,0.667,0.423,162.000,100.000,0.618,500,100,40
68,5,56.172,0.667,0.424,162.000,100.000,0.618,500,100,40
69,5,56.172,0.667,0.424,162.000,100.000,0.618,500,100,40
70,5,56.172,0.667,0.425,162.000,100.000,0.618,500,100,40
71,5,56.172,0.667,0.425,162.000,100.000,0.618,500,100,40
72,5,56.172,0.667,0.467,162.000,100.000,0.618,500,100,40
73,5,56.164,0.667,0.633,162.000,100.000,0.618,500,100,40
74,5,56.164,0.667,0.634,162.000,100.000,0.618,500,100,40
75,5,56.160,0.667,0.634,162.000,100.000,0.618,500,100,40
76,5,56.160,0.667,0.635,162.000,100.000,0.618,500,100,40
77,5,56.160,0.667,0.635,162.000,100.000,0.618,500,100,40
78,5,56.160,0.667,0.636,162.000,100.000,0.618,500,100,40
79,5,55.954,0.669,0.636,164.000,98.000,0.626,500,100,40
80,5,55.954,0.669,0.665,164.000,98.000,0.626,500,100,40
81,5,55.954,0.669,0.701,164.000,98.000,0.626,500,100,40
82,5,55.954,0.669,0.701,164.000,98.000,0.626,500,100,40
83,5,55.954,0.669,0.702,164.000,98.000,0.626,500,100,40
84,5,55.863,0.669,0.749,164.000,98.000,0.626,500,100,40
85,5,55.863,0.669,0.750,164.000,98.000,0.626,500,100,40
86,5,55.863,0.669,0.773,164.000,98.000,0.626,500,100,40
87,5,55.863,0.669,0.773,164.000,98.000,0.626,500,100,40
88,5,55.863,0.669,0.774,164.000,98.000,0.626,500,100,40
89,5,55.863,0.669,0.774,164.000,98.000,0.626,500,100,40
90,5,55.863,0.669,0.775,164.000,98.000,0.626,500,100,40
91,5,55.781,0.669,0.775,164.000,98.000,0.626,500,100,40
92,5,55.781,0.669,0.776,164.000,98.000,0.626,500,100,40
93,5,55.781,0.669,0.793,164.000,98.000,0.626,500,100,40
94,5,55.777,0.669,0.793,164.000,98.000,0.626,500,100,40
95,5,55.737,0.669,0.794,164.000,98.000,0.626,500,100,40
96,5,55.737,0.669,0.794,164.000,98.000,0.626,500,100,40
97,5,55.737,0.669,0.795,164.000,98.000,0.626,500,100,40
98,5,55.737,0.669,0.796,164.000,98.000,0.626,500,100,40
99,5,55.737,0.669,0.796,164.000,98.000,0.626,500,100,40
100,5,55.715,0.669,0.797,164.000,98.000,0.626,500,100,40
1,1,56.829,0.665,0.014,163.000,99.000,0.622,500,100,40
2,1,56.758,0.665,0.017,163.000,99.000,0.622,500,100,40
3,1,56.758,0.665,0.018,163.000,99.000,0.622,500,100,40
4,1,56.710,0.667,0.214,162.000,100.000,0.618,500,100,40
5,1,56.710,0.667,0.215,162.000,100.000,0.618,500,100,40
6,1,56.686,0.667,0.217,162.000,100.000,0.618,500,100,40
7,1,56.681,0.667,0.217,162.000,100.000,0.618,500,100,40
8,1,56.677,0.667,0.218,162.000,100.000,0.618,500,100,40
9,1,56.677,0.667,0.218,162.000,100.000,0.618,500,100,40
10,1,56.599,0.667,0.219,162.000,100.000,0.618,500,100,40
11,1,56.599,0.667,0.220,162.000,100.000,0.618,500,100,40
12,1,56.599,0.667,0.220,162.000,100.000,0.618,500,100,40
13,1,56.599,0.667,0.221,162.000,100.000,0.618,500,100,40
14,1,56.583,0.667,0.221,162.000,100.000,0.618,500,100,40
15,1,56.583,0.667,0.222,162.000,100.000,0.618,500,100,40
16,1,56.536,0.667,0.290,162.000,100.000,0.618,500,100,40
17,1,56.536,0.667,0.291,162.000,100.000,0.618,500,100,40
18,1,56.536,0.667,0.291,162.000,100.000,0.618,500,100,40
19,1,56.536,0.667,0.294,162.000,100.000,0.618,500,100,40
20,1,56.536,0.667,0.295,162.000,100.000,0.618,500,100,40
21,1,56.132,0.667,0.295,162.000,100.000,0.618,500,100,40
22,1,56.132,0.667,0.296,162.000,100.000,0.618,500,100,40
23,1,56.132,0.667,0.296,162.000,100.000,0.618,500,100,40
24,1,56.132,0.667,0.297,162.000,100.000,0.618,500,100,40
25,1,56.132,0.667,0.297,162.000,100.000,0.618,500,100,40
26,1,56.132,0.667,0.298,162.000,100.000,0.618,500,100,40
27,1,56.132,0.667,0.298,162.000,100.000,0.618,500,100,40
28,1,56.132,0.667,0.299,162.000,100.000,0.618,500,100,40
29,1,56.132,0.667,0.299,162.000,100.000,0.618,500,100,40
30,1,55.888,0.667,0.299,162.000,100.000,0.618,500,100,40
31,1,55.888,0.667,0.300,162.000,100.000,0.618,500,100,40
32,1,55.888,0.667,0.300,162.000,100.000,0.618,500,100,40
33,1,55.888,0.667,0.301,162.000,100.000,0.618,500,100,40
34,1,55.031,0.667,0.301,162.000,100.000,0.618,500,100,40
35,1,55.031,0.667,0.595,162.000,100.000,0.618,500,100,40
36,1,55.031,0.667,0.595,162.000,100.000,0.618,500,100,40
37,1,55.031,0.667,0.595,162.000,100.000,0.618,500,100,40
38,1,55.031,0.667,0.596,162.000,100.000,0.618,500,100,40
39,1,55.030,0.667,0.597,162.000,100.000,0.618,500,100,40
40,1,55.030,0.667,0.597,162.000,100.000,0.618,500,100,40
41,1,55.030,0.667,0.597,162.000,100.000,0.618,500,100,40
42,1,54.971,0.667,0.598,162.000,100.000,0.618,500,100,40
43,1,54.971,0.667,0.598,162.000,100.000,0.618,500,100,40
44,1,54.971,0.667,0.599,162.000,100.000,0.618,500,100,40
45,1,54.971,0.667,0.599,162.000,100.000,0.618,500,100,40
46,1,54.971,0.667,0.600,162.000,100.000,0.618,500,100,40
47,1,54.971,0.667,0.600,162.000,100.000,0.618,500,100,40
48,1,54.971,0.667,0.601,162.000,100.000,0.618,500,100,40
49,1,54.971,0.667,0.715,162.000,100.000,0.618,500,100,40
50,1,54.971,0.667,0.716,162.000,100.000,0.618,500,100,40
51,1,54.971,0.667,0.716,162.000,100.000,0.618,500,100,40
52,1,54.971,0.667,0.886,162.000,100.000,0.618,500,100,40
53,1,54.971,0.667,0.887,162.000,100.000,0.618,500,100,40
54,1,54.971,0.667,0.905,162.000,100.000,0.618,500,100,40
55,1,54.971,0.667,0.905,162.000,100.000,0.618,500,100,40
56,1,54.971,0.667,0.943,162.000,100.000,0.618,500,100,40
57,1,54.971,0.667,0.979,162.000,100.000,0.618,500,100,40
58,1,54.971,0.667,0.979,162.000,100.000,0.618,500,100,40
59,1,54.971,0.667,0.980,162.000,100.000,0.618,500,100,40
60,1,54.971,0.667,1.125,162.000,100.000,0.618,500,100,40
61,1,54.971,0.667,1.126,162.000,100.000,0.618,500,100,40
62,1,54.967,0.667,1.128,162.000,100.000,0.618,500,100,40
63,1,54.967,0.667,1.248,162.000,100.000,0.618,500,100,40
64,1,54.967,0.667,1.248,162.000,100.000,0.618,500,100,40
65,1,54.967,0.667,1.249,162.000,100.000,0.618,500,100,40
66,1,54.967,0.667,1.249,162.000,100.000,0.618,500,100,40
67,1,54.967,0.667,1.249,162.000,100.000,0.618,500,100,40
68,1,54.967,0.667,1.250,162.000,100.000,0.618,500,100,40
69,1,54.967,0.667,1.326,162.000,100.000,0.618,500,100,40
70,1,54.967,0.667,1.328,162.000,100.000,0.618,500,100,40
71,1,54.967,0.667,1.371,162.000,100.000,0.618,500,100,40
72,1,54.967,0.667,1.372,162.000,100.000,0.618,500,100,40
73,1,54.967,0.667,1.372,162.000,100.000,0.618,500,100,40
74,1,54.942,0.667,1.373,162.000,100.000,0.618,500,100,40
75,1,54.942,0.667,1.413,162.000,100.000,0.618,500,100,40
76,1,54.942,0.667,1.413,162.000,100.000,0.618,500,100,40
77,1,54.942,0.667,1.414,162.000,100.000,0.618,500,100,40
78,1,54.942,0.667,1.471,162.000,100.000,0.618,500,100,40
79,1,54.942,0.667,1.471,162.000,100.000,0.618,500,100,40
80,1,54.942,0.667,1.472,162.000,100.000,0.618,500,100,40
81,1,54.942,0.667,1.472,162.000,100.000,0.618,500,100,40
82,1,54.942,0.667,1.524,162.000,100.000,0.618,500,100,40
83,1,54.942,0.667,1.524,162.000,100.000,0.618,500,100,40
84,1,54.942,0.667,1.525,162.000,100.000,0.618,500,100,40
85,1,54.942,0.667,1.525,162.000,100.000,0.618,500,100,40
86,1,54.942,0.667,1.526,162.000,100.000,0.618,500,100,40
87,1,54.942,0.667,1.526,162.000,100.000,0.618,500,100,40
88,1,54.942,0.667,1.552,162.000,100.000,0.618,500,100,40
89,1,54.942,0.667,1.596,162.000,100.000,0.618,500,100,40
90,1,54.900,0.667,1.596,162.000,100.000,0.618,500,100,40
91,1,54.900,0.667,1.597,162.000,100.000,0.618,500,100,40
92,1,54.900,0.667,1.597,162.000,100.000,0.618,500,100,40
93,1,54.900,0.667,1.597,162.000,100.000,0.618,500,100,40
94,1,54.900,0.667,1.611,162.000,100.000,0.618,500,100,40
95,1,54.900,0.667,1.612,162.000,100.000,0.618,500,100,40
96,1,54.900,0.667,1.612,162.000,100.000,0.618,500,100,40
97,1,54.900,0.667,1.613,162.000,100.000,0.618,500,100,40
98,1,54.900,0.667,1.613,162.000,100.000,0.618,500,100,40
99,1,54.900,0.667,1.614,162.000,100.000,0.618,500,100,40
100,1,54.900,0.667,1.614,162.000,100.000,0.618,500,100,40
1,9,69.777,0.359,0.006,105.000,157.000,0.401,500,100,40
2,9,69.777,0.359,0.204,105.000,157.000,0.401,500,100,40
3,9,69.777,0.359,0.205,105.000,157.000,0.401,500,100,40
4,9,69.777,0.359,0.206,105.000,157.000,0.401,500,100,40
5,9,69.777,0.359,0.216,105.000,157.000,0.401,500,100,40
6,9,65.899,0.359,0.217,105.000,157.000,0.401,500,100,40
7,9,65.898,0.359,0.217,105.000,157.000,0.401,500,100,40
8,9,65.898,0.359,0.218,105.000,157.000,0.401,500,100,40
9,9,65.898,0.359,0.219,105.000,157.000,0.401,500,100,40
10,9,65.898,0.359,0.219,105.000,157.000,0.401,500,100,40
11,9,65.898,0.359,0.220,105.000,157.000,0.401,500,100,40
12,9,65.898,0.359,0.220,105.000,157.000,0.401,500,100,40
13,9,65.898,0.359,0.221,105.000,157.000,0.401,500,100,40
14,9,65.898,0.359,0.222,105.000,157.000,0.401,500,100,40
15,9,65.898,0.359,0.222,105.000,157.000,0.401,500,100,40
16,9,65.898,0.359,0.223,105.000,157.000,0.401,500,100,40
17,9,64.211,0.359,0.223,106.000,156.000,0.405,500,100,40
18,9,64.211,0.359,0.224,106.000,156.000,0.405,500,100,40
19,9,64.211,0.359,0.224,106.000,156.000,0.405,500,100,40
20,9,64.211,0.359,0.225,106.000,156.000,0.405,500,100,40
21,9,64.211,0.359,0.225,106.000,156.000,0.405,500,100,40
22,9,64.211,0.359,0.225,106.000,156.000,0.405,500,100,40
23,9,64.211,0.359,0.350,106.000,156.000,0.405,500,100,40
24,9,64.193,0.357,0.350,106.000,156.000,0.405,500,100,40
25,9,64.193,0.357,0.351,106.000,156.000,0.405,500,100,40
26,9,64.193,0.357,0.351,106.000,156.000,0.405,500,100,40
27,9,64.193,0.357,0.352,106.000,156.000,0.405,500,100,40
28,9,64.193,0.357,0.352,106.000,156.000,0.405,500,100,40
29,9,63.743,0.385,0.353,116.000,146.000,0.443,500,100,40
30,9,63.743,0.385,0.353,116.000,146.000,0.443,500,100,40
31,9,63.743,0.385,0.353,116.000,146.000,0.443,500,100,40
32,9,63.743,0.385,0.354,116.000,146.000,0.443,500,100,40
33,9,63.743,0.385,0.354,116.000,146.000,0.443,500,100,40
34,9,63.743,0.385,0.355,116.000,146.000,0.443,500,100,40
35,9,63.743,0.385,0.355,116.000,146.000,0.443,500,100,40
36,9,63.743,0.385,0.356,116.000,146.000,0.443,500,100,40
37,9,59.406,0.669,0.356,162.000,100.000,0.618,500,100,40
38,9,59.406,0.669,0.357,162.000,100.000,0.618,500,100,40
39,9,59.406,0.669,0.357,162.000,100.000,0.618,500,100,40
40,9,59.406,0.669,0.358,162.000,100.000,0.618,500,100,40
41,9,59.406,0.669,0.358,162.000,100.000,0.618,500,100,40
42,9,57.700,0.669,0.358,162.000,100.000,0.618,500,100,40
43,9,57.700,0.669,0.359,162.000,100.000,0.618,500,100,40
44,9,57.700,0.669,0.359,162.000,100.000,0.618,500,100,40
45,9,56.337,0.667,0.481,162.000,100.000,0.618,500,100,40
46,9,56.337,0.667,0.482,162.000,100.000,0.618,500,100,40
47,9,56.337,0.667,0.482,162.000,100.000,0.618,500,100,40
48,9,56.337,0.667,0.483,162.000,100.000,0.618,500,100,40
49,9,56.337,0.667,0.483,162.000,100.000,0.618,500,100,40
50,9,56.337,0.667,0.486,162.000,100.000,0.618,500,100,40
51,9,56.337,0.667,0.486,162.000,100.000,0.618,500,100,40
52,9,56.337,0.667,0.487,162.000,100.000,0.618,500,100,40
53,9,56.337,0.667,0.523,162.000,100.000,0.618,500,100,40
54,9,56.337,0.667,0.523,162.000,100.000,0.618,500,100,40
55,9,56.337,0.667,0.523,162.000,100.000,0.618,500,100,40
56,9,56.337,0.667,0.524,162.000,100.000,0.618,500,100,40
57,9,56.050,0.667,0.525,162.000,100.000,0.618,500,100,40
58,9,56.050,0.667,0.525,162.000,100.000,0.618,500,100,40
59,9,56.050,0.667,0.557,162.000,100.000,0.618,500,100,40
60,9,56.050,0.667,0.558,162.000,100.000,0.618,500,100,40
61,9,54.930,0.667,0.558,162.000,100.000,0.618,500,100,40
62,9,54.930,0.667,0.559,162.000,100.000,0.618,500,100,40
63,9,54.930,0.667,0.559,162.000,100.000,0.618,500,100,40
64,9,54.930,0.667,0.560,162.000,100.000,0.618,500,100,40
65,9,54.930,0.667,0.560,162.000,100.000,0.618,500,100,40
66,9,54.930,0.667,0.648,162.000,100.000,0.618,500,100,40
67,9,54.930,0.667,0.649,162.000,100.000,0.618,500,100,40
68,9,54.930,0.667,0.649,162.000,100.000,0.618,500,100,40
69,9,54.929,0.667,0.723,162.000,100.000,0.618,500,100,40
70,9,54.929,0.667,0.723,162.000,100.000,0.618,500,100,40
71,9,54.929,0.667,0.724,162.000,100.000,0.618,500,100,40
72,9,54.929,0.667,0.724,162.000,100.000,0.618,500,100,40
73,9,54.929,0.667,0.725,162.000,100.000,0.618,500,100,40
74,9,54.929,0.667,0.725,162.000,100.000,0.618,500,100,40
75,9,54.929,0.667,0.726,162.000,100.000,0.618,500,100,40
76,9,54.929,0.667,0.765,162.000,100.000,0.618,500,100,40
77,9,54.929,0.667,0.766,162.000,100.000,0.618,500,100,40
78,9,54.926,0.667,0.849,162.000,100.000,0.618,500,100,40
79,9,54.926,0.667,0.849,162.000,100.000,0.618,500,100,40
80,9,54.926,0.667,0.943,162.000,100.000,0.618,500,100,40
81,9,54.926,0.667,0.944,162.000,100.000,0.618,500,100,40
82,9,54.926,0.667,0.944,162.000,100.000,0.618,500,100,40
83,9,54.926,0.667,0.945,162.000,100.000,0.618,500,100,40
84,9,54.926,0.667,0.945,162.000,100.000,0.618,500,100,40
85,9,54.926,0.667,0.946,162.000,100.000,0.618,500,100,40
86,9,54.926,0.667,0.991,162.000,100.000,0.618,500,100,40
87,9,54.926,0.667,0.992,162.000,100.000,0.618,500,100,40
88,9,54.926,0.667,0.992,162.000,100.000,0.618,500,100,40
89,9,54.926,0.667,0.993,162.000,100.000,0.618,500,100,40
90,9,54.926,0.667,0.993,162.000,100.000,0.618,500,100,40
91,9,54.926,0.667,0.994,162.000,100.000,0.618,500,100,40
92,9,54.926,0.667,1.035,162.000,100.000,0.618,500,100,40
93,9,54.926,0.667,1.069,162.000,100.000,0.618,500,100,40
94,9,54.926,0.667,1.070,162.000,100.000,0.618,500,100,40
95,9,54.926,0.667,1.070,162.000,100.000,0.618,500,100,40
96,9,54.926,0.667,1.071,162.000,100.000,0.618,500,100,40
97,9,54.926,0.667,1.071,162.000,100.000,0.618,500,100,40
98,9,54.926,0.667,1.071,162.000,100.000,0.618,500,100,40
99,9,54.926,0.667,1.072,162.000,100.000,0.618,500,100,40
100,9,54.926,0.667,1.072,162.000,100.000,0.618,500,100,40
1,7,63.258,0.535,0.004,154.000,108.000,0.588,500,100,40
2,7,63.258,0.535,0.006,154.000,108.000,0.588,500,100,40
3,7,62.788,0.533,0.012,155.000,107.000,0.592,500,100,40
4,7,62.788,0.533,0.014,155.000,107.000,0.592,500,100,40
5,7,62.788,0.533,0.014,155.000,107.000,0.592,500,100,40
6,7,62.788,0.533,0.015,155.000,107.000,0.592,500,100,40
7,7,62.788,0.533,0.017,155.000,107.000,0.592,500,100,40
8,7,62.788,0.533,0.017,155.000,107.000,0.592,500,100,40
9,7,62.788,0.533,0.018,155.000,107.000,0.592,500,100,40
10,7,62.788,0.533,0.019,155.000,107.000,0.592,500,100,40
11,7,62.788,0.533,0.019,155.000,107.000,0.592,500,100,40
12,7,61.333,0.536,0.020,138.000,124.000,0.527,500,100,40
13,7,61.333,0.536,0.020,138.000,124.000,0.527,500,100,40
14,7,61.333,0.536,0.021,138.000,124.000,0.527,500,100,40
15,7,61.333,0.536,0.022,138.000,124.000,0.527,500,100,40
16,7,61.333,0.536,0.023,138.000,124.000,0.527,500,100,40
17,7,61.333,0.536,0.024,138.000,124.000,0.527,500,100,40
18,7,61.333,0.536,0.024,138.000,124.000,0.527,500,100,40
19,7,58.147,0.667,0.057,162.000,100.000,0.618,500,100,40
20,7,58.147,0.667,0.058,162.000,100.000,0.618,500,100,40
21,7,56.551,0.667,0.058,162.000,100.000,0.618,500,100,40
22,7,56.551,0.667,0.059,162.000,100.000,0.618,500,100,40
23,7,56.551,0.667,0.060,162.000,100.000,0.618,500,100,40
24,7,56.551,0.667,0.060,162.000,100.000,0.618,500,100,40
25,7,56.551,0.667,0.061,162.000,100.000,0.618,500,100,40
26,7,56.551,0.667,0.061,162.000,100.000,0.618,500,100,40
27,7,56.539,0.667,0.062,162.000,100.000,0.618,500,100,40
28,7,56.539,0.667,0.062,162.000,100.000,0.618,500,100,40
29,7,56.539,0.667,0.063,162.000,100.000,0.618,500,100,40
30,7,56.539,0.667,0.063,162.000,100.000,0.618,500,100,40
31,7,56.539,0.667,0.063,162.000,100.000,0.618,500,100,40
32,7,56.539,0.667,0.064,162.000,100.000,0.618,500,100,40
33,7,56.539,0.667,0.064,162.000,100.000,0.618,500,100,40
34,7,56.539,0.667,0.065,162.000,100.000,0.618,500,100,40
35,7,56.539,0.667,0.065,162.000,100.000,0.618,500,100,40
36,7,56.539,0.667,0.100,162.000,100.000,0.618,500,100,40
37,7,56.539,0.667,0.100,162.000,100.000,0.618,500,100,40
38,7,56.539,0.667,0.101,162.000,100.000,0.618,500,100,40
39,7,56.539,0.667,0.101,162.000,100.000,0.618,500,100,40
40,7,56.539,0.667,0.102,162.000,100.000,0.618,500,100,40
41,7,56.538,0.667,0.102,162.000,100.000,0.618,500,100,40
42,7,56.538,0.667,0.103,162.000,100.000,0.618,500,100,40
43,7,56.538,0.667,0.103,162.000,100.000,0.618,500,100,40
44,7,56.538,0.667,0.103,162.000,100.000,0.618,500,100,40
45,7,56.538,0.667,0.104,162.000,100.000,0.618,500,100,40
46,7,56.538,0.667,0.124,162.000,100.000,0.618,500,100,40
47,7,56.538,0.667,0.124,162.000,100.000,0.618,500,100,40
48,7,56.538,0.667,0.139,162.000,100.000,0.618,500,100,40
49,7,56.538,0.667,0.139,162.000,100.000,0.618,500,100,40
50,7,56.538,0.667,0.140,162.000,100.000,0.618,500,100,40
51,7,56.538,0.667,0.140,162.000,100.000,0.618,500,100,40
52,7,56.538,0.667,0.141,162.000,100.000,0.618,500,100,40
53,7,56.538,0.667,0.141,162.000,100.000,0.618,500,100,40
54,7,56.538,0.667,0.178,162.000,100.000,0.618,500,100,40
55,7,56.538,0.667,0.227,162.000,100.000,0.618,500,100,40
56,7,56.538,0.667,0.228,162.000,100.000,0.618,500,100,40
57,7,56.492,0.667,0.229,162.000,100.000,0.618,500,100,40
58,7,56.492,0.667,0.230,162.000,100.000,0.618,500,100,40
59,7,56.492,0.667,0.232,162.000,100.000,0.618,500,100,40
60,7,56.492,0.667,0.457,162.000,100.000,0.618,500,100,40
61,7,56.469,0.667,0.501,162.000,100.000,0.618,500,100,40
62,7,56.468,0.667,0.501,162.000,100.000,0.618,500,100,40
63,7,56.468,0.667,0.502,162.000,100.000,0.618,500,100,40
64,7,56.468,0.667,0.502,162.000,100.000,0.618,500,100,40
65,7,56.468,0.667,0.502,162.000,100.000,0.618,500,100,40
66,7,56.468,0.667,0.503,162.000,100.000,0.618,500,100,40
67,7,56.453,0.667,0.503,162.000,100.000,0.618,500,100,40
68,7,56.453,0.667,0.504,162.000,100.000,0.618,500,100,40
69,7,56.453,0.667,0.506,162.000,100.000,0.618,500,100,40
70,7,56.453,0.667,0.507,162.000,100.000,0.618,500,100,40
71,7,56.453,0.667,0.507,162.000,100.000,0.618,500,100,40
72,7,56.453,0.667,0.508,162.000,100.000,0.618,500,100,40
73,7,56.453,0.667,0.508,162.000,100.000,0.618,500,100,40
74,7,56.453,0.667,0.508,162.000,100.000,0.618,500,100,40
75,7,56.453,0.667,0.675,162.000,100.000,0.618,500,100,40
76,7,56.453,0.667,0.675,162.000,100.000,0.618,500,100,40
77,7,56.453,0.667,0.675,162.000,100.000,0.618,500,100,40
78,7,56.453,0.667,0.676,162.000,100.000,0.618,500,100,40
79,7,56.453,0.667,0.677,162.000,100.000,0.618,500,100,40
80,7,56.453,0.667,0.699,162.000,100.000,0.618,500,100,40
81,7,56.452,0.667,0.738,162.000,100.000,0.618,500,100,40
82,7,56.452,0.667,0.755,162.000,100.000,0.618,500,100,40
83,7,56.452,0.667,0.756,162.000,100.000,0.618,500,100,40
84,7,56.452,0.667,0.756,162.000,100.000,0.618,500,100,40
85,7,56.452,0.667,0.757,162.000,100.000,0.618,500,100,40
86,7,56.452,0.667,0.757,162.000,100.000,0.618,500,100,40
87,7,56.452,0.667,0.758,162.000,100.000,0.618,500,100,40
88,7,56.452,0.667,0.758,162.000,100.000,0.618,500,100,40
89,7,56.452,0.667,0.759,162.000,100.000,0.618,500,100,40
90,7,56.452,0.667,0.759,162.000,100.000,0.618,500,100,40
91,7,56.452,0.667,0.760,162.000,100.000,0.618,500,100,40
92,7,56.452,0.667,0.760,162.000,100.000,0.618,500,100,40
93,7,56.452,0.667,0.761,162.000,100.000,0.618,500,100,40
94,7,56.452,0.667,0.761,162.000,100.000,0.618,500,100,40
95,7,56.452,0.667,0.761,162.000,100.000,0.618,500,100,40
96,7,56.452,0.667,0.762,162.000,100.000,0.618,500,100,40
97,7,56.452,0.667,0.762,162.000,100.000,0.618,500,100,40
98,7,56.452,0.667,0.762,162.000,100.000,0.618,500,100,40
99,7,56.452,0.667,0.763,162.000,100.000,0.618,500,100,40
100,7,56.452,0.667,0.763,162.000,100.000,0.618,500,100,40
1,8,83.904,0.408,0.004,114.000,148.000,0.435,500,100,40
2,8,83.904,0.408,0.005,114.000,148.000,0.435,500,100,40
3,8,70.539,0.422,0.232,117.000,145.000,0.447,500,100,40
4,8,70.539,0.422,0.233,117.000,145.000,0.447,500,100,40
5,8,70.539,0.422,0.235,117.000,145.000,0.447,500,100,40
6,8,70.511,0.424,0.236,116.000,146.000,0.443,500,100,40
7,8,70.487,0.424,0.237,116.000,146.000,0.443,500,100,40
8,8,69.335,0.424,0.241,116.000,146.000,0.443,500,100,40
9,8,69.335,0.424,0.242,116.000,146.000,0.443,500,100,40
10,8,68.335,0.424,0.242,116.000,146.000,0.443,500,100,40
11,8,68.283,0.424,0.243,116.000,146.000,0.443,500,100,40
12,8,68.283,0.424,0.244,116.000,146.000,0.443,500,100,40
13,8,68.283,0.424,0.244,116.000,146.000,0.443,500,100,40
14,8,64.284,0.643,0.245,156.000,106.000,0.595,500,100,40
15,8,64.216,0.643,0.246,156.000,106.000,0.595,500,100,40
16,8,64.216,0.643,0.246,156.000,106.000,0.595,500,100,40
17,8,64.119,0.643,0.247,156.000,106.000,0.595,500,100,40
18,8,64.099,0.643,0.247,156.000,106.000,0.595,500,100,40
19,8,64.099,0.643,0.248,156.000,106.000,0.595,500,100,40
20,8,64.099,0.643,0.248,156.000,106.000,0.595,500,100,40
21,8,64.099,0.643,0.248,156.000,106.000,0.595,500,100,40
22,8,59.364,0.643,0.249,156.000,106.000,0.595,500,100,40
23,8,59.364,0.643,0.249,156.000,106.000,0.595,500,100,40
24,8,59.364,0.643,0.250,156.000,106.000,0.595,500,100,40
25,8,59.364,0.643,0.250,156.000,106.000,0.595,500,100,40
26,8,59.364,0.643,0.251,156.000,106.000,0.595,500,100,40
27,8,59.364,0.643,0.251,156.000,106.000,0.595,500,100,40
28,8,57.653,0.643,0.252,156.000,106.000,0.595,500,100,40
29,8,57.625,0.643,0.252,157.000,105.000,0.599,500,100,40
30,8,57.625,0.643,0.253,157.000,105.000,0.599,500,100,40
31,8,56.770,0.643,0.253,157.000,105.000,0.599,500,100,40
32,8,56.584,0.643,0.253,157.000,105.000,0.599,500,100,40
33,8,56.584,0.643,0.254,157.000,105.000,0.599,500,100,40
34,8,56.584,0.643,0.254,157.000,105.000,0.599,500,100,40
35,8,56.584,0.643,0.255,157.000,105.000,0.599,500,100,40
36,8,56.583,0.643,0.255,157.000,105.000,0.599,500,100,40
37,8,56.583,0.643,0.256,157.000,105.000,0.599,500,100,40
38,8,56.583,0.643,0.256,157.000,105.000,0.599,500,100,40
39,8,56.572,0.643,0.257,157.000,105.000,0.599,500,100,40
40,8,56.572,0.643,0.257,157.000,105.000,0.599,500,100,40
41,8,56.564,0.643,0.257,157.000,105.000,0.599,500,100,40
42,8,56.564,0.643,0.258,157.000,105.000,0.599,500,100,40
43,8,56.564,0.643,0.258,157.000,105.000,0.599,500,100,40
44,8,56.564,0.643,0.413,157.000,105.000,0.599,500,100,40
45,8,56.564,0.643,0.415,157.000,105.000,0.599,500,100,40
46,8,56.152,0.643,0.416,157.000,105.000,0.599,500,100,40
47,8,56.152,0.643,0.421,157.000,105.000,0.599,500,100,40
48,8,56.152,0.643,0.421,157.000,105.000,0.599,500,100,40
49,8,56.152,0.643,0.422,157.000,105.000,0.599,500,100,40
50,8,56.152,0.643,0.422,157.000,105.000,0.599,500,100,40
51,8,56.152,0.643,0.424,157.000,105.000,0.599,500,100,40
52,8,56.132,0.643,0.425,157.000,105.000,0.599,500,100,40
53,8,56.132,0.643,0.456,157.000,105.000,0.599,500,100,40
54,8,55.507,0.643,0.456,157.000,105.000,0.599,500,100,40
55,8,55.507,0.643,0.456,157.000,105.000,0.599,500,100,40
56,8,55.507,0.643,0.457,157.000,105.000,0.599,500,100,40
57,8,55.507,0.643,0.457,157.000,105.000,0.599,500,100,40
58,8,55.073,0.667,0.458,162.000,100.000,0.618,500,100,40
59,8,55.073,0.667,0.458,162.000,100.000,0.618,500,100,40
60,8,55.070,0.667,0.459,162.000,100.000,0.618,500,100,40
61,8,55.070,0.667,0.472,162.000,100.000,0.618,500,100,40
62,8,55.070,0.667,0.472,162.000,100.000,0.618,500,100,40
63,8,55.070,0.667,0.520,162.000,100.000,0.618,500,100,40
64,8,55.070,0.667,0.521,162.000,100.000,0.618,500,100,40
65,8,55.070,0.667,0.549,162.000,100.000,0.618,500,100,40
66,8,55.051,0.667,0.638,162.000,100.000,0.618,500,100,40
67,8,55.051,0.667,0.688,162.000,100.000,0.618,500,100,40
68,8,55.051,0.667,0.752,162.000,100.000,0.618,500,100,40
69,8,55.051,0.667,0.753,162.000,100.000,0.618,500,100,40
70,8,55.051,0.667,0.753,162.000,100.000,0.618,500,100,40
71,8,55.051,0.667,0.754,162.000,100.000,0.618,500,100,40
72,8,55.047,0.667,0.754,162.000,100.000,0.618,500,100,40
73,8,55.047,0.667,0.755,162.000,100.000,0.618,500,100,40
74,8,55.047,0.667,0.755,162.000,100.000,0.618,500,100,40
75,8,55.047,0.667,0.783,162.000,100.000,0.618,500,100,40
76,8,55.047,0.667,0.784,162.000,100.000,0.618,500,100,40
77,8,55.047,0.667,0.807,162.000,100.000,0.618,500,100,40
78,8,55.047,0.667,0.853,162.000,100.000,0.618,500,100,40
79,8,54.930,0.667,0.854,162.000,100.000,0.618,500,100,40
80,8,54.912,0.667,0.854,162.000,100.000,0.618,500,100,40
81,8,54.912,0.667,0.855,162.000,100.000,0.618,500,100,40
82,8,54.912,0.667,0.907,162.000,100.000,0.618,500,100,40
83,8,54.912,0.667,0.907,162.000,100.000,0.618,500,100,40
84,8,54.912,0.667,0.924,162.000,100.000,0.618,500,100,40
85,8,54.912,0.667,0.941,162.000,100.000,0.618,500,100,40
86,8,54.912,0.667,0.965,162.000,100.000,0.618,500,100,40
87,8,54.912,0.667,0.965,162.000,100.000,0.618,500,100,40
88,8,54.912,0.667,0.966,162.000,100.000,0.618,500,100,40
89,8,54.912,0.667,0.966,162.000,100.000,0.618,500,100,40
90,8,54.912,0.667,0.967,162.000,100.000,0.618,500,100,40
91,8,54.912,0.667,0.967,162.000,100.000,0.618,500,100,40
92,8,54.912,0.667,0.968,162.000,100.000,0.618,500,100,40
93,8,54.912,0.667,0.968,162.000,100.000,0.618,500,100,40
94,8,54.912,0.667,0.968,162.000,100.000,0.618,500,100,40
95,8,54.912,0.667,0.969,162.000,100.000,0.618,500,100,40
96,8,54.912,0.667,0.969,162.000,100.000,0.618,500,100,40
97,8,54.912,0.667,0.970,162.000,100.000,0.618,500,100,40
98,8,54.912,0.667,0.970,162.000,100.000,0.618,500,100,40
99,8,54.912,0.667,0.970,162.000,100.000,0.618,500,100,40
100,8,54.912,0.667,0.971,162.000,100.000,0.618,500,100,40
