a,b,c,d,e,f,g,h
1,3,0.193,0.416,6.477,103.000,159.000,0.393
2,3,0.157,0.422,6.481,102.000,160.000,0.389
3,3,0.151,0.430,6.484,101.000,161.000,0.385
4,3,0.146,0.446,6.487,103.000,159.000,0.393
5,3,0.141,0.460,6.491,108.000,154.000,0.412
6,3,0.137,0.458,7.178,108.000,154.000,0.412
7,3,0.135,0.456,8.454,108.000,154.000,0.412
8,3,0.133,0.458,8.457,108.000,154.000,0.412
9,3,0.131,0.458,8.460,108.000,154.000,0.412
10,3,0.130,0.460,9.426,108.000,154.000,0.412
11,3,0.129,0.460,10.299,108.000,154.000,0.412
12,3,0.128,0.460,10.302,108.000,154.000,0.412
13,3,0.128,0.460,10.305,108.000,154.000,0.412
14,3,0.127,0.460,10.308,108.000,154.000,0.412
15,3,0.126,0.460,10.310,108.000,154.000,0.412
16,3,0.126,0.460,11.481,108.000,154.000,0.412
17,3,0.125,0.460,11.484,109.000,153.000,0.416
18,3,0.125,0.467,11.487,110.000,152.000,0.420
19,3,0.124,0.469,11.490,111.000,151.000,0.424
20,3,0.124,0.671,11.493,158.000,104.000,0.603
21,3,0.123,0.671,13.537,158.000,104.000,0.603
22,3,0.123,0.671,13.540,158.000,104.000,0.603
23,3,0.122,0.671,13.543,158.000,104.000,0.603
24,3,0.122,0.671,13.543,158.000,104.000,0.603
25,3,0.122,0.671,13.544,158.000,104.000,0.603
26,3,0.121,0.671,13.545,158.000,104.000,0.603
27,3,0.121,0.671,15.327,158.000,104.000,0.603
28,3,0.121,0.671,15.327,158.000,104.000,0.603
29,3,0.120,0.671,15.328,158.000,104.000,0.603
30,3,0.120,0.671,15.329,158.000,104.000,0.603
31,3,0.120,0.671,15.330,158.000,104.000,0.603
32,3,0.120,0.671,15.330,158.000,104.000,0.603
33,3,0.119,0.671,15.331,158.000,104.000,0.603
34,3,0.119,0.671,15.332,158.000,104.000,0.603
35,3,0.119,0.671,15.333,158.000,104.000,0.603
36,3,0.119,0.671,15.333,158.000,104.000,0.603
37,3,0.118,0.671,15.334,158.000,104.000,0.603
38,3,0.118,0.671,15.335,158.000,104.000,0.603
39,3,0.118,0.671,15.336,158.000,104.000,0.603
40,3,0.118,0.671,15.336,158.000,104.000,0.603
41,3,0.118,0.671,15.337,158.000,104.000,0.603
42,3,0.117,0.671,17.392,158.000,104.000,0.603
43,3,0.117,0.671,17.393,158.000,104.000,0.603
44,3,0.117,0.671,17.633,158.000,104.000,0.603
45,3,0.117,0.671,17.634,158.000,104.000,0.603
46,3,0.117,0.671,17.634,158.000,104.000,0.603
47,3,0.117,0.671,17.635,158.000,104.000,0.603
48,3,0.117,0.671,17.636,158.000,104.000,0.603
49,3,0.116,0.671,17.637,158.000,104.000,0.603
50,3,0.116,0.671,17.637,158.000,104.000,0.603
51,3,0.116,0.671,18.102,158.000,104.000,0.603
52,3,0.116,0.671,18.103,158.000,104.000,0.603
53,3,0.116,0.671,18.104,158.000,104.000,0.603
54,3,0.116,0.671,18.105,158.000,104.000,0.603
55,3,0.116,0.671,18.106,158.000,104.000,0.603
56,3,0.115,0.673,18.107,158.000,104.000,0.603
57,3,0.115,0.675,18.107,158.000,104.000,0.603
58,3,0.115,0.675,18.108,158.000,104.000,0.603
59,3,0.115,0.675,18.109,158.000,104.000,0.603
60,3,0.115,0.675,18.110,158.000,104.000,0.603
61,3,0.115,0.675,18.110,158.000,104.000,0.603
62,3,0.115,0.675,18.111,158.000,104.000,0.603
63,3,0.115,0.675,18.112,158.000,104.000,0.603
64,3,0.114,0.675,18.113,158.000,104.000,0.603
65,3,0.114,0.675,18.113,158.000,104.000,0.603
66,3,0.114,0.675,18.114,158.000,104.000,0.603
67,3,0.114,0.675,18.115,158.000,104.000,0.603
68,3,0.114,0.675,18.116,158.000,104.000,0.603
69,3,0.114,0.675,18.116,158.000,104.000,0.603
70,3,0.114,0.675,18.117,158.000,104.000,0.603
71,3,0.114,0.675,18.118,158.000,104.000,0.603
72,3,0.114,0.675,18.119,158.000,104.000,0.603
73,3,0.114,0.675,18.119,158.000,104.000,0.603
74,3,0.114,0.675,18.120,158.000,104.000,0.603
75,3,0.113,0.675,18.783,158.000,104.000,0.603
76,3,0.113,0.675,18.784,158.000,104.000,0.603
77,3,0.113,0.675,18.785,158.000,104.000,0.603
78,3,0.113,0.675,18.786,158.000,104.000,0.603
79,3,0.113,0.675,18.786,158.000,104.000,0.603
80,3,0.113,0.675,18.787,158.000,104.000,0.603
81,3,0.113,0.675,18.789,158.000,104.000,0.603
82,3,0.113,0.675,18.798,158.000,104.000,0.603
83,3,0.113,0.675,18.798,158.000,104.000,0.603
84,3,0.113,0.675,18.799,158.000,104.000,0.603
85,3,0.113,0.675,18.800,158.000,104.000,0.603
86,3,0.113,0.675,18.801,158.000,104.000,0.603
87,3,0.113,0.675,18.801,158.000,104.000,0.603
88,3,0.113,0.675,18.802,158.000,104.000,0.603
89,3,0.113,0.675,18.803,158.000,104.000,0.603
90,3,0.113,0.675,18.804,158.000,104.000,0.603
91,3,0.112,0.675,18.805,158.000,104.000,0.603
92,3,0.112,0.675,18.806,158.000,104.000,0.603
93,3,0.112,0.675,18.807,158.000,104.000,0.603
94,3,0.112,0.675,18.808,158.000,104.000,0.603
95,3,0.112,0.675,18.808,158.000,104.000,0.603
96,3,0.112,0.675,18.809,158.000,104.000,0.603
97,3,0.112,0.675,18.810,158.000,104.000,0.603
98,3,0.112,0.675,18.811,158.000,104.000,0.603
99,3,0.112,0.675,18.811,158.000,104.000,0.603
100,3,0.112,0.675,18.812,158.000,104.000,0.603
1,9,0.169,0.400,0.010,117.000,145.000,0.447
2,9,0.159,0.410,0.013,118.000,144.000,0.450
3,9,0.153,0.424,2.807,117.000,145.000,0.447
4,9,0.148,0.430,4.119,122.000,140.000,0.466
5,9,0.144,0.442,5.927,127.000,135.000,0.485
6,9,0.139,0.450,7.579,136.000,126.000,0.519
7,9,0.137,0.458,10.665,135.000,127.000,0.515
8,9,0.134,0.464,11.720,134.000,128.000,0.511
9,9,0.132,0.465,12.280,135.000,127.000,0.515
10,9,0.130,0.471,12.978,134.000,128.000,0.511
11,9,0.128,0.495,12.981,141.000,121.000,0.538
12,9,0.125,0.501,15.242,145.000,117.000,0.553
13,9,0.123,0.507,15.245,143.000,119.000,0.546
14,9,0.122,0.507,15.248,143.000,119.000,0.546
15,9,0.121,0.507,17.098,143.000,119.000,0.546
16,9,0.121,0.507,18.008,143.000,119.000,0.546
17,9,0.120,0.511,18.011,144.000,118.000,0.550
18,9,0.119,0.513,18.014,145.000,117.000,0.553
19,9,0.119,0.517,18.016,145.000,117.000,0.553
20,9,0.118,0.523,21.743,147.000,115.000,0.561
21,9,0.118,0.531,21.746,146.000,116.000,0.557
22,9,0.116,0.529,21.747,148.000,114.000,0.565
23,9,0.116,0.531,21.748,146.000,116.000,0.557
24,9,0.116,0.529,21.748,150.000,112.000,0.573
25,9,0.116,0.665,21.749,160.000,102.000,0.611
26,9,0.116,0.667,21.750,160.000,102.000,0.611
27,9,0.115,0.667,21.751,160.000,102.000,0.611
28,9,0.115,0.667,21.751,160.000,102.000,0.611
29,9,0.114,0.667,21.752,160.000,102.000,0.611
30,9,0.114,0.667,21.753,160.000,102.000,0.611
31,9,0.114,0.667,21.754,161.000,101.000,0.615
32,9,0.114,0.667,22.527,161.000,101.000,0.615
33,9,0.114,0.667,22.528,161.000,101.000,0.615
34,9,0.113,0.667,22.528,161.000,101.000,0.615
35,9,0.113,0.667,22.529,161.000,101.000,0.615
36,9,0.114,0.667,22.530,161.000,101.000,0.615
37,9,0.113,0.667,22.531,161.000,101.000,0.615
38,9,0.113,0.667,22.532,161.000,101.000,0.615
39,9,0.113,0.669,22.532,161.000,101.000,0.615
40,9,0.113,0.669,22.533,161.000,101.000,0.615
41,9,0.113,0.669,22.534,161.000,101.000,0.615
42,9,0.113,0.669,22.535,161.000,101.000,0.615
43,9,0.112,0.669,22.536,161.000,101.000,0.615
44,9,0.112,0.669,22.536,161.000,101.000,0.615
45,9,0.112,0.669,22.537,161.000,101.000,0.615
46,9,0.112,0.669,23.272,161.000,101.000,0.615
47,9,0.112,0.669,23.273,161.000,101.000,0.615
48,9,0.112,0.669,23.274,161.000,101.000,0.615
49,9,0.112,0.669,24.383,161.000,101.000,0.615
50,9,0.112,0.669,24.384,161.000,101.000,0.615
51,9,0.112,0.669,24.385,161.000,101.000,0.615
52,9,0.112,0.669,24.386,161.000,101.000,0.615
53,9,0.112,0.669,24.387,161.000,101.000,0.615
54,9,0.112,0.669,24.387,161.000,101.000,0.615
55,9,0.111,0.669,24.388,161.000,101.000,0.615
56,9,0.112,0.669,24.389,161.000,101.000,0.615
57,9,0.112,0.669,24.389,161.000,101.000,0.615
58,9,0.111,0.669,24.390,161.000,101.000,0.615
59,9,0.112,0.669,24.391,161.000,101.000,0.615
60,9,0.111,0.669,24.392,161.000,101.000,0.615
61,9,0.111,0.669,24.392,161.000,101.000,0.615
62,9,0.111,0.669,24.393,161.000,101.000,0.615
63,9,0.111,0.669,24.394,161.000,101.000,0.615
64,9,0.111,0.669,24.395,161.000,101.000,0.615
65,9,0.111,0.669,24.395,161.000,101.000,0.615
66,9,0.111,0.669,24.396,161.000,101.000,0.615
67,9,0.111,0.669,25.194,161.000,101.000,0.615
68,9,0.111,0.669,25.195,161.000,101.000,0.615
69,9,0.111,0.669,25.195,161.000,101.000,0.615
70,9,0.111,0.669,25.196,161.000,101.000,0.615
71,9,0.111,0.669,25.197,161.000,101.000,0.615
72,9,0.111,0.669,25.197,161.000,101.000,0.615
73,9,0.111,0.669,25.198,161.000,101.000,0.615
74,9,0.111,0.669,25.199,161.000,101.000,0.615
75,9,0.111,0.669,25.200,161.000,101.000,0.615
76,9,0.111,0.669,25.201,161.000,101.000,0.615
77,9,0.111,0.669,25.201,161.000,101.000,0.615
78,9,0.111,0.669,25.202,161.000,101.000,0.615
79,9,0.111,0.669,25.203,161.000,101.000,0.615
80,9,0.111,0.669,25.204,161.000,101.000,0.615
81,9,0.111,0.669,25.204,161.000,101.000,0.615
82,9,0.111,0.669,25.205,161.000,101.000,0.615
83,9,0.111,0.669,25.897,161.000,101.000,0.615
84,9,0.111,0.669,25.898,161.000,101.000,0.615
85,9,0.111,0.669,25.898,161.000,101.000,0.615
86,9,0.111,0.669,25.899,161.000,101.000,0.615
87,9,0.111,0.669,25.900,161.000,101.000,0.615
88,9,0.111,0.669,25.901,161.000,101.000,0.615
89,9,0.111,0.669,25.901,161.000,101.000,0.615
90,9,0.111,0.669,25.902,161.000,101.000,0.615
91,9,0.110,0.669,25.903,161.000,101.000,0.615
92,9,0.111,0.667,25.903,161.000,101.000,0.615
93,9,0.110,0.667,25.904,161.000,101.000,0.615
94,9,0.110,0.667,25.905,161.000,101.000,0.615
95,9,0.110,0.667,25.906,161.000,101.000,0.615
96,9,0.110,0.667,25.906,161.000,101.000,0.615
97,9,0.110,0.667,25.907,161.000,101.000,0.615
98,9,0.110,0.667,25.908,161.000,101.000,0.615
99,9,0.110,0.667,25.908,161.000,101.000,0.615
100,9,0.110,0.667,25.909,162.000,100.000,0.618
1,7,0.120,0.667,0.009,162.000,100.000,0.618
2,7,0.115,0.667,3.873,162.000,100.000,0.618
3,7,0.114,0.667,6.555,162.000,100.000,0.618
4,7,0.114,0.667,6.559,162.000,100.000,0.618
5,7,0.114,0.667,8.868,162.000,100.000,0.618
6,7,0.113,0.667,11.650,162.000,100.000,0.618
7,7,0.113,0.667,11.653,162.000,100.000,0.618
8,7,0.113,0.667,11.656,162.000,100.000,0.618
9,7,0.112,0.667,11.658,162.000,100.000,0.618
10,7,0.112,0.667,11.661,162.000,100.000,0.618
11,7,0.111,0.667,12.057,162.000,100.000,0.618
12,7,0.111,0.667,12.060,162.000,100.000,0.618
13,7,0.111,0.667,12.063,162.000,100.000,0.618
14,7,0.111,0.667,12.065,162.000,100.000,0.618
15,7,0.111,0.667,12.068,162.000,100.000,0.618
16,7,0.110,0.667,12.334,162.000,100.000,0.618
17,7,0.110,0.667,12.337,162.000,100.000,0.618
18,7,0.110,0.667,12.339,162.000,100.000,0.618
19,7,0.110,0.667,12.342,162.000,100.000,0.618
20,7,0.109,0.667,12.344,162.000,100.000,0.618
21,7,0.109,0.667,12.628,162.000,100.000,0.618
22,7,0.109,0.667,12.629,162.000,100.000,0.618
23,7,0.109,0.667,12.629,162.000,100.000,0.618
24,7,0.109,0.667,12.630,162.000,100.000,0.618
25,7,0.109,0.667,12.631,162.000,100.000,0.618
26,7,0.109,0.667,12.632,162.000,100.000,0.618
27,7,0.109,0.667,12.632,162.000,100.000,0.618
28,7,0.108,0.667,12.634,162.000,100.000,0.618
29,7,0.108,0.667,12.634,162.000,100.000,0.618
30,7,0.108,0.667,12.635,162.000,100.000,0.618
31,7,0.108,0.667,12.636,162.000,100.000,0.618
32,7,0.108,0.667,13.812,162.000,100.000,0.618
33,7,0.108,0.667,13.813,162.000,100.000,0.618
34,7,0.108,0.667,13.814,162.000,100.000,0.618
35,7,0.108,0.667,13.815,162.000,100.000,0.618
36,7,0.107,0.667,13.815,162.000,100.000,0.618
37,7,0.107,0.667,13.816,162.000,100.000,0.618
38,7,0.107,0.667,13.817,162.000,100.000,0.618
39,7,0.107,0.667,13.818,162.000,100.000,0.618
40,7,0.106,0.667,13.819,162.000,100.000,0.618
41,7,0.106,0.667,13.820,162.000,100.000,0.618
42,7,0.106,0.667,13.820,162.000,100.000,0.618
43,7,0.106,0.667,13.821,162.000,100.000,0.618
44,7,0.106,0.667,13.822,162.000,100.000,0.618
45,7,0.106,0.667,13.823,162.000,100.000,0.618
46,7,0.106,0.667,13.823,162.000,100.000,0.618
47,7,0.106,0.667,13.824,162.000,100.000,0.618
48,7,0.106,0.667,13.825,162.000,100.000,0.618
49,7,0.106,0.667,13.826,162.000,100.000,0.618
50,7,0.106,0.667,13.826,162.000,100.000,0.618
51,7,0.106,0.667,13.949,162.000,100.000,0.618
52,7,0.106,0.667,13.950,162.000,100.000,0.618
53,7,0.105,0.667,13.950,162.000,100.000,0.618
54,7,0.105,0.667,13.951,162.000,100.000,0.618
55,7,0.105,0.667,13.952,162.000,100.000,0.618
56,7,0.106,0.667,13.953,162.000,100.000,0.618
57,7,0.105,0.667,13.953,162.000,100.000,0.618
58,7,0.105,0.667,13.954,162.000,100.000,0.618
59,7,0.105,0.667,13.955,162.000,100.000,0.618
60,7,0.105,0.667,13.956,162.000,100.000,0.618
61,7,0.105,0.667,13.956,162.000,100.000,0.618
62,7,0.105,0.667,15.218,162.000,100.000,0.618
63,7,0.105,0.667,15.218,162.000,100.000,0.618
64,7,0.105,0.667,15.219,162.000,100.000,0.618
65,7,0.105,0.667,15.220,162.000,100.000,0.618
66,7,0.105,0.667,15.221,162.000,100.000,0.618
67,7,0.105,0.667,15.221,162.000,100.000,0.618
68,7,0.105,0.667,15.222,162.000,100.000,0.618
69,7,0.105,0.667,15.223,162.000,100.000,0.618
70,7,0.105,0.667,15.224,162.000,100.000,0.618
71,7,0.105,0.667,15.224,162.000,100.000,0.618
72,7,0.105,0.667,15.225,162.000,100.000,0.618
73,7,0.104,0.667,15.226,162.000,100.000,0.618
74,7,0.104,0.667,15.227,162.000,100.000,0.618
75,7,0.104,0.667,15.227,162.000,100.000,0.618
76,7,0.105,0.667,15.228,162.000,100.000,0.618
77,7,0.105,0.667,15.229,162.000,100.000,0.618
78,7,0.105,0.667,15.230,162.000,100.000,0.618
79,7,0.104,0.667,15.230,162.000,100.000,0.618
80,7,0.104,0.667,15.231,162.000,100.000,0.618
81,7,0.104,0.667,15.232,162.000,100.000,0.618
82,7,0.104,0.667,15.233,162.000,100.000,0.618
83,7,0.104,0.667,15.234,162.000,100.000,0.618
84,7,0.105,0.667,15.720,162.000,100.000,0.618
85,7,0.104,0.667,15.720,162.000,100.000,0.618
86,7,0.104,0.667,15.721,162.000,100.000,0.618
87,7,0.104,0.667,15.722,162.000,100.000,0.618
88,7,0.104,0.667,15.722,162.000,100.000,0.618
89,7,0.104,0.667,15.723,162.000,100.000,0.618
90,7,0.105,0.667,15.724,162.000,100.000,0.618
91,7,0.104,0.667,15.725,162.000,100.000,0.618
92,7,0.104,0.667,15.725,162.000,100.000,0.618
93,7,0.104,0.667,15.726,162.000,100.000,0.618
94,7,0.105,0.667,15.727,162.000,100.000,0.618
95,7,0.104,0.667,15.728,162.000,100.000,0.618
96,7,0.104,0.667,15.728,162.000,100.000,0.618
97,7,0.104,0.667,15.729,162.000,100.000,0.618
98,7,0.104,0.667,15.730,162.000,100.000,0.618
99,7,0.104,0.667,15.730,162.000,100.000,0.618
100,7,0.104,0.667,15.731,162.000,100.000,0.618
1,10,0.168,0.509,1.411,140.000,122.000,0.534
2,10,0.158,0.509,2.771,140.000,122.000,0.534
3,10,0.155,0.509,4.838,140.000,122.000,0.534
4,10,0.153,0.509,5.702,140.000,122.000,0.534
5,10,0.151,0.509,5.706,140.000,122.000,0.534
6,10,0.149,0.509,5.711,140.000,122.000,0.534
7,10,0.148,0.509,7.601,140.000,122.000,0.534
8,10,0.146,0.509,9.807,140.000,122.000,0.534
9,10,0.145,0.509,9.810,140.000,122.000,0.534
10,10,0.144,0.509,9.813,141.000,121.000,0.538
11,10,0.142,0.509,9.815,141.000,121.000,0.538
12,10,0.141,0.511,9.820,141.000,121.000,0.538
13,10,0.140,0.511,10.172,141.000,121.000,0.538
14,10,0.139,0.511,10.175,141.000,121.000,0.538
15,10,0.138,0.511,10.178,141.000,121.000,0.538
16,10,0.137,0.511,14.209,141.000,121.000,0.538
17,10,0.136,0.511,14.210,141.000,121.000,0.538
18,10,0.135,0.511,14.211,141.000,121.000,0.538
19,10,0.134,0.511,14.212,141.000,121.000,0.538
20,10,0.133,0.511,14.213,141.000,121.000,0.538
21,10,0.132,0.511,14.213,141.000,121.000,0.538
22,10,0.131,0.511,14.214,141.000,121.000,0.538
23,10,0.131,0.511,14.215,141.000,121.000,0.538
24,10,0.130,0.511,14.216,141.000,121.000,0.538
25,10,0.129,0.509,14.216,141.000,121.000,0.538
26,10,0.129,0.509,14.217,141.000,121.000,0.538
27,10,0.128,0.509,14.219,141.000,121.000,0.538
28,10,0.127,0.509,14.220,141.000,121.000,0.538
29,10,0.127,0.509,14.221,141.000,121.000,0.538
30,10,0.126,0.509,14.221,141.000,121.000,0.538
31,10,0.126,0.509,14.222,141.000,121.000,0.538
32,10,0.125,0.511,14.223,141.000,121.000,0.538
33,10,0.125,0.511,14.224,141.000,121.000,0.538
34,10,0.124,0.511,14.225,142.000,120.000,0.542
35,10,0.124,0.649,14.225,162.000,100.000,0.618
36,10,0.124,0.669,14.226,161.000,101.000,0.615
37,10,0.123,0.667,14.227,161.000,101.000,0.615
38,10,0.123,0.671,14.228,161.000,101.000,0.615
39,10,0.122,0.671,14.229,162.000,100.000,0.618
40,10,0.122,0.673,14.229,163.000,99.000,0.622
41,10,0.122,0.673,14.230,163.000,99.000,0.622
42,10,0.121,0.673,15.416,163.000,99.000,0.622
43,10,0.121,0.675,15.417,163.000,99.000,0.622
44,10,0.121,0.675,15.418,163.000,99.000,0.622
45,10,0.121,0.675,16.518,163.000,99.000,0.622
46,10,0.120,0.675,16.519,163.000,99.000,0.622
47,10,0.120,0.675,16.519,163.000,99.000,0.622
48,10,0.120,0.675,17.597,163.000,99.000,0.622
49,10,0.120,0.675,17.598,163.000,99.000,0.622
50,10,0.119,0.675,17.598,163.000,99.000,0.622
51,10,0.119,0.675,17.599,163.000,99.000,0.622
52,10,0.119,0.675,17.600,163.000,99.000,0.622
53,10,0.119,0.675,17.601,163.000,99.000,0.622
54,10,0.118,0.675,17.601,163.000,99.000,0.622
55,10,0.118,0.675,17.602,163.000,99.000,0.622
56,10,0.118,0.675,17.603,163.000,99.000,0.622
57,10,0.118,0.675,18.752,163.000,99.000,0.622
58,10,0.118,0.675,18.753,163.000,99.000,0.622
59,10,0.118,0.675,18.753,163.000,99.000,0.622
60,10,0.117,0.675,18.754,163.000,99.000,0.622
61,10,0.117,0.675,18.755,163.000,99.000,0.622
62,10,0.117,0.675,18.756,163.000,99.000,0.622
63,10,0.117,0.675,18.756,163.000,99.000,0.622
64,10,0.117,0.675,18.757,163.000,99.000,0.622
65,10,0.117,0.675,18.758,163.000,99.000,0.622
66,10,0.116,0.675,18.759,163.000,99.000,0.622
67,10,0.116,0.675,18.759,163.000,99.000,0.622
68,10,0.116,0.675,18.760,163.000,99.000,0.622
69,10,0.116,0.675,18.761,163.000,99.000,0.622
70,10,0.116,0.675,18.761,163.000,99.000,0.622
71,10,0.116,0.675,19.752,163.000,99.000,0.622
72,10,0.116,0.675,19.753,163.000,99.000,0.622
73,10,0.116,0.675,19.754,163.000,99.000,0.622
74,10,0.115,0.675,19.754,163.000,99.000,0.622
75,10,0.115,0.675,19.755,163.000,99.000,0.622
76,10,0.115,0.675,19.756,163.000,99.000,0.622
77,10,0.115,0.675,20.797,163.000,99.000,0.622
78,10,0.115,0.675,20.798,163.000,99.000,0.622
79,10,0.115,0.675,20.799,163.000,99.000,0.622
80,10,0.115,0.675,20.799,163.000,99.000,0.622
81,10,0.115,0.675,20.800,163.000,99.000,0.622
82,10,0.115,0.675,20.801,163.000,99.000,0.622
83,10,0.115,0.675,21.489,163.000,99.000,0.622
84,10,0.114,0.675,21.489,163.000,99.000,0.622
85,10,0.114,0.675,21.490,163.000,99.000,0.622
86,10,0.114,0.675,22.146,163.000,99.000,0.622
87,10,0.114,0.675,22.147,163.000,99.000,0.622
88,10,0.114,0.675,22.147,163.000,99.000,0.622
89,10,0.114,0.675,22.148,163.000,99.000,0.622
90,10,0.114,0.675,22.149,163.000,99.000,0.622
91,10,0.114,0.675,22.150,163.000,99.000,0.622
92,10,0.114,0.675,22.150,163.000,99.000,0.622
93,10,0.114,0.675,22.151,163.000,99.000,0.622
94,10,0.114,0.675,22.152,163.000,99.000,0.622
95,10,0.114,0.675,22.152,163.000,99.000,0.622
96,10,0.114,0.675,22.153,163.000,99.000,0.622
97,10,0.113,0.675,22.154,163.000,99.000,0.622
98,10,0.113,0.675,22.154,163.000,99.000,0.622
99,10,0.113,0.675,22.155,163.000,99.000,0.622
100,10,0.113,0.675,22.156,163.000,99.000,0.622
1,8,0.112,0.667,0.010,162.000,100.000,0.618
2,8,0.112,0.667,0.900,162.000,100.000,0.618
3,8,0.112,0.667,0.903,162.000,100.000,0.618
4,8,0.112,0.667,0.907,162.000,100.000,0.618
5,8,0.112,0.667,0.910,162.000,100.000,0.618
6,8,0.112,0.667,0.913,162.000,100.000,0.618
7,8,0.112,0.667,0.916,162.000,100.000,0.618
8,8,0.112,0.667,0.920,162.000,100.000,0.618
9,8,0.112,0.667,0.923,162.000,100.000,0.618
10,8,0.112,0.667,2.951,162.000,100.000,0.618
11,8,0.112,0.667,4.304,162.000,100.000,0.618
12,8,0.112,0.667,6.275,162.000,100.000,0.618
13,8,0.111,0.667,7.087,162.000,100.000,0.618
14,8,0.111,0.667,7.090,162.000,100.000,0.618
15,8,0.111,0.667,7.094,162.000,100.000,0.618
16,8,0.111,0.667,7.098,162.000,100.000,0.618
17,8,0.111,0.667,7.101,162.000,100.000,0.618
18,8,0.111,0.667,7.102,162.000,100.000,0.618
19,8,0.111,0.667,7.103,162.000,100.000,0.618
20,8,0.111,0.667,7.103,162.000,100.000,0.618
21,8,0.111,0.667,7.104,162.000,100.000,0.618
22,8,0.111,0.667,7.105,162.000,100.000,0.618
23,8,0.111,0.667,7.106,162.000,100.000,0.618
24,8,0.111,0.667,7.106,162.000,100.000,0.618
25,8,0.111,0.667,7.430,162.000,100.000,0.618
26,8,0.111,0.667,7.431,162.000,100.000,0.618
27,8,0.111,0.667,7.432,162.000,100.000,0.618
28,8,0.111,0.667,7.433,162.000,100.000,0.618
29,8,0.111,0.667,7.434,162.000,100.000,0.618
30,8,0.111,0.667,7.435,162.000,100.000,0.618
31,8,0.111,0.667,7.435,162.000,100.000,0.618
32,8,0.111,0.667,7.436,162.000,100.000,0.618
33,8,0.111,0.667,7.437,162.000,100.000,0.618
34,8,0.111,0.667,7.438,162.000,100.000,0.618
35,8,0.111,0.667,7.439,162.000,100.000,0.618
36,8,0.111,0.667,7.439,162.000,100.000,0.618
37,8,0.111,0.667,7.440,162.000,100.000,0.618
38,8,0.111,0.667,7.441,162.000,100.000,0.618
39,8,0.111,0.667,7.442,162.000,100.000,0.618
40,8,0.111,0.667,7.442,162.000,100.000,0.618
41,8,0.111,0.667,7.443,162.000,100.000,0.618
42,8,0.111,0.667,8.598,162.000,100.000,0.618
43,8,0.111,0.667,8.599,162.000,100.000,0.618
44,8,0.111,0.667,8.599,162.000,100.000,0.618
45,8,0.111,0.667,8.600,162.000,100.000,0.618
46,8,0.111,0.667,8.618,162.000,100.000,0.618
47,8,0.111,0.667,8.619,162.000,100.000,0.618
48,8,0.111,0.667,8.620,162.000,100.000,0.618
49,8,0.111,0.667,8.621,162.000,100.000,0.618
50,8,0.111,0.667,8.621,162.000,100.000,0.618
51,8,0.111,0.667,8.622,162.000,100.000,0.618
52,8,0.111,0.667,8.623,162.000,100.000,0.618
53,8,0.111,0.667,8.624,162.000,100.000,0.618
54,8,0.111,0.667,8.624,162.000,100.000,0.618
55,8,0.111,0.667,8.625,162.000,100.000,0.618
56,8,0.111,0.667,8.626,162.000,100.000,0.618
57,8,0.111,0.667,8.627,162.000,100.000,0.618
58,8,0.111,0.667,8.627,162.000,100.000,0.618
59,8,0.111,0.667,8.628,162.000,100.000,0.618
60,8,0.111,0.667,8.629,162.000,100.000,0.618
61,8,0.111,0.667,8.630,162.000,100.000,0.618
62,8,0.111,0.667,8.631,162.000,100.000,0.618
63,8,0.111,0.667,8.631,162.000,100.000,0.618
64,8,0.111,0.667,8.632,162.000,100.000,0.618
65,8,0.111,0.667,8.633,162.000,100.000,0.618
66,8,0.111,0.667,8.634,162.000,100.000,0.618
67,8,0.111,0.667,8.634,162.000,100.000,0.618
68,8,0.111,0.667,8.635,162.000,100.000,0.618
69,8,0.111,0.667,8.636,162.000,100.000,0.618
70,8,0.111,0.667,8.637,162.000,100.000,0.618
71,8,0.111,0.667,8.637,162.000,100.000,0.618
72,8,0.111,0.667,8.638,162.000,100.000,0.618
73,8,0.111,0.667,8.639,162.000,100.000,0.618
74,8,0.111,0.667,8.640,162.000,100.000,0.618
75,8,0.111,0.667,8.640,162.000,100.000,0.618
76,8,0.111,0.667,8.641,162.000,100.000,0.618
77,8,0.111,0.667,8.642,162.000,100.000,0.618
78,8,0.111,0.667,8.643,162.000,100.000,0.618
79,8,0.111,0.667,8.644,162.000,100.000,0.618
80,8,0.111,0.667,8.644,162.000,100.000,0.618
81,8,0.111,0.667,8.645,162.000,100.000,0.618
82,8,0.111,0.667,8.646,162.000,100.000,0.618
83,8,0.111,0.667,8.647,162.000,100.000,0.618
84,8,0.111,0.667,8.647,162.000,100.000,0.618
85,8,0.111,0.667,9.341,162.000,100.000,0.618
86,8,0.111,0.667,9.342,162.000,100.000,0.618
87,8,0.111,0.667,9.342,162.000,100.000,0.618
88,8,0.111,0.667,9.343,162.000,100.000,0.618
89,8,0.111,0.667,9.344,162.000,100.000,0.618
90,8,0.111,0.667,9.345,162.000,100.000,0.618
91,8,0.111,0.667,9.345,162.000,100.000,0.618
92,8,0.111,0.667,9.346,162.000,100.000,0.618
93,8,0.111,0.667,9.347,162.000,100.000,0.618
94,8,0.111,0.667,9.347,162.000,100.000,0.618
95,8,0.111,0.667,9.348,162.000,100.000,0.618
96,8,0.111,0.667,9.349,162.000,100.000,0.618
97,8,0.111,0.667,9.350,162.000,100.000,0.618
98,8,0.111,0.667,9.350,162.000,100.000,0.618
99,8,0.111,0.667,9.351,162.000,100.000,0.618
100,8,0.111,0.667,9.352,162.000,100.000,0.618
1,4,0.121,0.647,6.445,147.000,115.000,0.561
2,4,0.120,0.643,8.110,145.000,117.000,0.553
3,4,0.120,0.649,8.113,148.000,114.000,0.565
4,4,0.120,0.649,8.117,144.000,118.000,0.550
5,4,0.120,0.651,8.121,147.000,115.000,0.561
6,4,0.119,0.649,8.124,148.000,114.000,0.565
7,4,0.119,0.651,8.127,149.000,113.000,0.569
8,4,0.119,0.651,8.131,147.000,115.000,0.561
9,4,0.119,0.651,9.874,150.000,112.000,0.573
10,4,0.118,0.653,13.677,150.000,112.000,0.573
11,4,0.118,0.653,13.680,149.000,113.000,0.569
12,4,0.117,0.655,13.682,150.000,112.000,0.573
13,4,0.117,0.651,13.685,148.000,114.000,0.565
14,4,0.117,0.657,13.688,151.000,111.000,0.576
15,4,0.117,0.657,18.020,149.000,113.000,0.569
16,4,0.116,0.663,18.020,150.000,112.000,0.573
17,4,0.116,0.653,18.021,147.000,115.000,0.561
18,4,0.116,0.661,18.022,151.000,111.000,0.576
19,4,0.116,0.659,18.023,151.000,111.000,0.576
20,4,0.116,0.651,18.023,148.000,114.000,0.565
21,4,0.116,0.663,18.024,151.000,111.000,0.576
22,4,0.115,0.661,18.025,149.000,113.000,0.569
23,4,0.115,0.661,18.026,150.000,112.000,0.573
24,4,0.115,0.665,18.026,151.000,111.000,0.576
25,4,0.115,0.661,18.027,148.000,114.000,0.565
26,4,0.115,0.659,18.028,150.000,112.000,0.573
27,4,0.115,0.661,18.029,152.000,110.000,0.580
28,4,0.115,0.661,18.030,149.000,113.000,0.569
29,4,0.114,0.661,18.030,150.000,112.000,0.573
30,4,0.114,0.667,18.031,151.000,111.000,0.576
31,4,0.113,0.659,18.032,150.000,112.000,0.573
32,4,0.114,0.665,18.033,150.000,112.000,0.573
33,4,0.114,0.661,18.034,150.000,112.000,0.573
34,4,0.113,0.667,18.035,150.000,112.000,0.573
35,4,0.113,0.663,18.035,150.000,112.000,0.573
36,4,0.113,0.669,18.036,148.000,114.000,0.565
37,4,0.113,0.661,18.037,150.000,112.000,0.573
38,4,0.113,0.671,18.037,151.000,111.000,0.576
39,4,0.112,0.663,18.038,150.000,112.000,0.573
40,4,0.113,0.665,18.039,150.000,112.000,0.573
41,4,0.113,0.669,18.040,150.000,112.000,0.573
42,4,0.113,0.663,18.040,150.000,112.000,0.573
43,4,0.113,0.667,18.041,151.000,111.000,0.576
44,4,0.113,0.673,18.042,150.000,112.000,0.573
45,4,0.112,0.667,18.043,150.000,112.000,0.573
46,4,0.112,0.671,18.043,148.000,114.000,0.565
47,4,0.112,0.667,18.044,149.000,113.000,0.569
48,4,0.113,0.665,18.340,150.000,112.000,0.573
49,4,0.113,0.665,18.341,147.000,115.000,0.561
50,4,0.113,0.669,18.342,150.000,112.000,0.573
51,4,0.112,0.671,18.342,150.000,112.000,0.573
52,4,0.112,0.665,18.343,148.000,114.000,0.565
53,4,0.112,0.671,18.344,149.000,113.000,0.569
54,4,0.112,0.671,18.345,150.000,112.000,0.573
55,4,0.112,0.665,18.345,147.000,115.000,0.561
56,4,0.113,0.665,18.346,150.000,112.000,0.573
57,4,0.112,0.669,18.347,150.000,112.000,0.573
58,4,0.112,0.671,18.348,148.000,114.000,0.565
59,4,0.112,0.669,18.348,149.000,113.000,0.569
60,4,0.112,0.671,18.349,150.000,112.000,0.573
61,4,0.112,0.665,18.350,148.000,114.000,0.565
62,4,0.112,0.671,18.351,150.000,112.000,0.573
63,4,0.111,0.671,18.352,150.000,112.000,0.573
64,4,0.111,0.669,18.352,148.000,114.000,0.565
65,4,0.112,0.673,18.353,149.000,113.000,0.569
66,4,0.111,0.665,18.354,150.000,112.000,0.573
67,4,0.112,0.669,18.355,148.000,114.000,0.565
68,4,0.112,0.673,18.356,149.000,113.000,0.569
69,4,0.111,0.669,18.356,150.000,112.000,0.573
70,4,0.111,0.669,18.357,148.000,114.000,0.565
71,4,0.112,0.667,18.358,148.000,114.000,0.565
72,4,0.112,0.665,19.118,150.000,112.000,0.573
73,4,0.112,0.667,19.119,149.000,113.000,0.569
74,4,0.111,0.673,19.120,150.000,112.000,0.573
75,4,0.111,0.669,19.121,150.000,112.000,0.573
76,4,0.111,0.671,19.122,150.000,112.000,0.573
77,4,0.111,0.663,19.122,149.000,113.000,0.569
78,4,0.112,0.671,19.123,150.000,112.000,0.573
79,4,0.111,0.669,19.124,150.000,112.000,0.573
80,4,0.111,0.673,19.125,149.000,113.000,0.569
81,4,0.111,0.665,19.126,149.000,113.000,0.569
82,4,0.112,0.663,19.126,149.000,113.000,0.569
83,4,0.112,0.671,19.127,150.000,112.000,0.573
84,4,0.111,0.667,19.128,150.000,112.000,0.573
85,4,0.111,0.671,19.128,150.000,112.000,0.573
86,4,0.111,0.669,19.129,150.000,112.000,0.573
87,4,0.111,0.671,19.130,150.000,112.000,0.573
88,4,0.111,0.665,19.131,150.000,112.000,0.573
89,4,0.111,0.673,19.131,149.000,113.000,0.569
90,4,0.111,0.673,19.132,150.000,112.000,0.573
91,4,0.111,0.673,19.133,149.000,113.000,0.569
92,4,0.111,0.671,19.133,150.000,112.000,0.573
93,4,0.111,0.671,19.134,149.000,113.000,0.569
94,4,0.111,0.673,19.135,150.000,112.000,0.573
95,4,0.111,0.671,19.135,150.000,112.000,0.573
96,4,0.111,0.667,19.136,150.000,112.000,0.573
97,4,0.111,0.667,19.137,151.000,111.000,0.576
98,4,0.111,0.667,19.138,149.000,113.000,0.569
99,4,0.112,0.665,19.138,150.000,112.000,0.573
100,4,0.111,0.673,19.139,150.000,112.000,0.573
1,1,0.132,0.337,0.620,101.000,161.000,0.385
2,1,0.129,0.337,3.764,101.000,161.000,0.385
3,1,0.127,0.337,4.337,101.000,161.000,0.385
4,1,0.125,0.675,5.533,160.000,102.000,0.611
5,1,0.123,0.675,5.537,160.000,102.000,0.611
6,1,0.121,0.675,5.540,160.000,102.000,0.611
7,1,0.120,0.675,5.543,160.000,102.000,0.611
8,1,0.119,0.675,5.548,160.000,102.000,0.611
9,1,0.118,0.675,5.551,160.000,102.000,0.611
10,1,0.117,0.675,5.555,160.000,102.000,0.611
11,1,0.116,0.675,5.558,160.000,102.000,0.611
12,1,0.115,0.675,8.668,160.000,102.000,0.611
13,1,0.114,0.675,8.999,160.000,102.000,0.611
14,1,0.114,0.675,9.003,160.000,102.000,0.611
15,1,0.113,0.677,9.006,160.000,102.000,0.611
16,1,0.113,0.675,9.010,160.000,102.000,0.611
17,1,0.113,0.675,9.012,160.000,102.000,0.611
18,1,0.112,0.675,9.015,160.000,102.000,0.611
19,1,0.112,0.675,9.018,160.000,102.000,0.611
20,1,0.112,0.675,14.797,160.000,102.000,0.611
21,1,0.111,0.675,14.799,160.000,102.000,0.611
22,1,0.111,0.675,14.800,160.000,102.000,0.611
23,1,0.111,0.673,14.801,160.000,102.000,0.611
24,1,0.111,0.675,14.802,160.000,102.000,0.611
25,1,0.111,0.677,14.802,159.000,103.000,0.607
26,1,0.111,0.679,14.803,159.000,103.000,0.607
27,1,0.110,0.677,14.804,159.000,103.000,0.607
28,1,0.110,0.677,14.804,159.000,103.000,0.607
29,1,0.110,0.679,14.805,159.000,103.000,0.607
30,1,0.110,0.677,14.806,159.000,103.000,0.607
31,1,0.110,0.677,14.807,159.000,103.000,0.607
32,1,0.110,0.677,14.807,159.000,103.000,0.607
33,1,0.110,0.677,14.808,159.000,103.000,0.607
34,1,0.110,0.677,14.809,159.000,103.000,0.607
35,1,0.110,0.675,14.810,159.000,103.000,0.607
36,1,0.110,0.677,14.810,159.000,103.000,0.607
37,1,0.110,0.677,14.811,159.000,103.000,0.607
38,1,0.110,0.677,14.812,159.000,103.000,0.607
39,1,0.110,0.677,14.813,159.000,103.000,0.607
40,1,0.110,0.677,14.813,159.000,103.000,0.607
41,1,0.110,0.677,14.814,159.000,103.000,0.607
42,1,0.110,0.679,14.815,159.000,103.000,0.607
43,1,0.110,0.677,14.816,159.000,103.000,0.607
44,1,0.110,0.677,14.816,159.000,103.000,0.607
45,1,0.110,0.679,14.817,159.000,103.000,0.607
46,1,0.110,0.675,14.818,159.000,103.000,0.607
47,1,0.110,0.675,14.819,159.000,103.000,0.607
48,1,0.110,0.677,14.819,159.000,103.000,0.607
49,1,0.110,0.677,14.820,159.000,103.000,0.607
50,1,0.110,0.675,14.821,159.000,103.000,0.607
51,1,0.110,0.677,14.822,159.000,103.000,0.607
52,1,0.110,0.677,14.822,159.000,103.000,0.607
53,1,0.110,0.677,14.823,159.000,103.000,0.607
54,1,0.110,0.677,14.824,159.000,103.000,0.607
55,1,0.110,0.677,14.825,159.000,103.000,0.607
56,1,0.110,0.677,14.825,159.000,103.000,0.607
57,1,0.110,0.679,14.826,159.000,103.000,0.607
58,1,0.110,0.677,14.827,159.000,103.000,0.607
59,1,0.110,0.677,14.827,159.000,103.000,0.607
60,1,0.110,0.675,14.828,159.000,103.000,0.607
61,1,0.110,0.677,14.829,159.000,103.000,0.607
62,1,0.110,0.673,14.830,159.000,103.000,0.607
63,1,0.110,0.677,16.134,159.000,103.000,0.607
64,1,0.110,0.675,16.135,159.000,103.000,0.607
65,1,0.110,0.675,16.136,159.000,103.000,0.607
66,1,0.110,0.677,16.136,159.000,103.000,0.607
67,1,0.110,0.675,16.137,159.000,103.000,0.607
68,1,0.110,0.677,16.138,159.000,103.000,0.607
69,1,0.110,0.675,16.138,159.000,103.000,0.607
70,1,0.110,0.679,16.139,159.000,103.000,0.607
71,1,0.110,0.675,16.140,159.000,103.000,0.607
72,1,0.110,0.679,16.141,159.000,103.000,0.607
73,1,0.110,0.675,16.141,159.000,103.000,0.607
74,1,0.110,0.677,16.142,159.000,103.000,0.607
75,1,0.110,0.675,16.143,159.000,103.000,0.607
76,1,0.110,0.677,16.144,159.000,103.000,0.607
77,1,0.110,0.675,16.912,159.000,103.000,0.607
78,1,0.110,0.679,16.913,159.000,103.000,0.607
79,1,0.110,0.675,16.914,159.000,103.000,0.607
80,1,0.110,0.677,16.915,159.000,103.000,0.607
81,1,0.110,0.675,16.915,159.000,103.000,0.607
82,1,0.110,0.675,16.916,159.000,103.000,0.607
83,1,0.110,0.677,16.917,159.000,103.000,0.607
84,1,0.110,0.675,16.918,159.000,103.000,0.607
85,1,0.110,0.679,16.918,159.000,103.000,0.607
86,1,0.110,0.675,16.919,159.000,103.000,0.607
87,1,0.110,0.679,16.920,159.000,103.000,0.607
88,1,0.109,0.677,16.920,159.000,103.000,0.607
89,1,0.109,0.675,16.921,159.000,103.000,0.607
90,1,0.110,0.679,16.922,159.000,103.000,0.607
91,1,0.110,0.675,16.923,159.000,103.000,0.607
92,1,0.110,0.677,16.923,159.000,103.000,0.607
93,1,0.109,0.675,16.924,159.000,103.000,0.607
94,1,0.110,0.677,16.925,159.000,103.000,0.607
95,1,0.109,0.677,16.925,159.000,103.000,0.607
96,1,0.110,0.677,16.926,159.000,103.000,0.607
97,1,0.110,0.677,16.927,159.000,103.000,0.607
98,1,0.110,0.675,16.927,159.000,103.000,0.607
99,1,0.110,0.679,16.928,159.000,103.000,0.607
100,1,0.110,0.675,16.929,159.000,103.000,0.607
1,6,0.249,0.333,4.626,100.000,162.000,0.382
2,6,0.240,0.333,5.096,100.000,162.000,0.382
3,6,0.232,0.333,5.099,100.000,162.000,0.382
4,6,0.224,0.333,8.720,100.000,162.000,0.382
5,6,0.215,0.335,11.719,101.000,161.000,0.385
6,6,0.207,0.333,13.904,101.000,161.000,0.385
7,6,0.199,0.335,15.290,101.000,161.000,0.385
8,6,0.191,0.335,16.793,101.000,161.000,0.385
9,6,0.183,0.335,16.797,101.000,161.000,0.385
10,6,0.176,0.335,16.799,101.000,161.000,0.385
11,6,0.170,0.335,16.803,101.000,161.000,0.385
12,6,0.164,0.335,19.315,101.000,161.000,0.385
13,6,0.158,0.335,19.317,101.000,161.000,0.385
14,6,0.153,0.335,19.320,101.000,161.000,0.385
15,6,0.148,0.335,19.497,101.000,161.000,0.385
16,6,0.144,0.335,19.497,101.000,161.000,0.385
17,6,0.141,0.335,19.498,101.000,161.000,0.385
18,6,0.137,0.335,19.499,101.000,161.000,0.385
19,6,0.134,0.335,19.500,101.000,161.000,0.385
20,6,0.132,0.335,19.501,101.000,161.000,0.385
21,6,0.129,0.335,19.501,101.000,161.000,0.385
22,6,0.127,0.667,19.502,162.000,100.000,0.618
23,6,0.126,0.667,19.503,162.000,100.000,0.618
24,6,0.124,0.667,22.637,162.000,100.000,0.618
25,6,0.123,0.667,22.637,162.000,100.000,0.618
26,6,0.121,0.667,22.638,162.000,100.000,0.618
27,6,0.120,0.667,22.639,162.000,100.000,0.618
28,6,0.119,0.667,22.640,162.000,100.000,0.618
29,6,0.118,0.667,22.641,162.000,100.000,0.618
30,6,0.118,0.667,22.642,162.000,100.000,0.618
31,6,0.117,0.667,22.642,162.000,100.000,0.618
32,6,0.116,0.667,22.643,162.000,100.000,0.618
33,6,0.116,0.667,22.644,162.000,100.000,0.618
34,6,0.115,0.667,22.645,162.000,100.000,0.618
35,6,0.115,0.667,23.252,162.000,100.000,0.618
36,6,0.115,0.667,23.253,162.000,100.000,0.618
37,6,0.114,0.667,23.254,162.000,100.000,0.618
38,6,0.114,0.667,23.255,162.000,100.000,0.618
39,6,0.114,0.667,23.255,162.000,100.000,0.618
40,6,0.114,0.667,24.460,162.000,100.000,0.618
41,6,0.113,0.667,24.461,162.000,100.000,0.618
42,6,0.113,0.667,24.462,162.000,100.000,0.618
43,6,0.113,0.667,24.463,162.000,100.000,0.618
44,6,0.113,0.667,24.464,162.000,100.000,0.618
45,6,0.113,0.667,24.465,162.000,100.000,0.618
46,6,0.113,0.667,24.465,162.000,100.000,0.618
47,6,0.113,0.667,24.466,162.000,100.000,0.618
48,6,0.113,0.667,24.467,162.000,100.000,0.618
49,6,0.113,0.667,25.640,162.000,100.000,0.618
50,6,0.112,0.667,25.641,162.000,100.000,0.618
51,6,0.112,0.667,25.641,162.000,100.000,0.618
52,6,0.112,0.667,25.642,162.000,100.000,0.618
53,6,0.112,0.667,25.643,162.000,100.000,0.618
54,6,0.112,0.667,25.644,162.000,100.000,0.618
55,6,0.112,0.667,25.645,162.000,100.000,0.618
56,6,0.112,0.667,25.645,162.000,100.000,0.618
57,6,0.112,0.667,25.646,162.000,100.000,0.618
58,6,0.112,0.667,25.647,162.000,100.000,0.618
59,6,0.112,0.667,25.648,162.000,100.000,0.618
60,6,0.112,0.667,25.649,162.000,100.000,0.618
61,6,0.112,0.667,25.649,162.000,100.000,0.618
62,6,0.112,0.667,25.650,162.000,100.000,0.618
63,6,0.112,0.667,25.651,162.000,100.000,0.618
64,6,0.112,0.667,25.652,162.000,100.000,0.618
65,6,0.112,0.667,25.652,162.000,100.000,0.618
66,6,0.112,0.667,26.866,162.000,100.000,0.618
67,6,0.112,0.667,26.867,162.000,100.000,0.618
68,6,0.112,0.667,26.868,162.000,100.000,0.618
69,6,0.112,0.667,26.869,162.000,100.000,0.618
70,6,0.112,0.667,26.870,162.000,100.000,0.618
71,6,0.112,0.667,27.669,162.000,100.000,0.618
72,6,0.112,0.667,28.499,162.000,100.000,0.618
73,6,0.112,0.667,29.392,162.000,100.000,0.618
74,6,0.112,0.667,29.392,162.000,100.000,0.618
75,6,0.112,0.667,29.393,162.000,100.000,0.618
76,6,0.112,0.667,29.394,162.000,100.000,0.618
77,6,0.112,0.667,30.186,162.000,100.000,0.618
78,6,0.112,0.667,30.187,162.000,100.000,0.618
79,6,0.112,0.667,30.188,162.000,100.000,0.618
80,6,0.112,0.667,30.877,162.000,100.000,0.618
81,6,0.112,0.667,30.877,162.000,100.000,0.618
82,6,0.112,0.667,30.878,162.000,100.000,0.618
83,6,0.112,0.667,30.879,162.000,100.000,0.618
84,6,0.112,0.667,30.880,162.000,100.000,0.618
85,6,0.112,0.667,30.881,162.000,100.000,0.618
86,6,0.112,0.667,30.881,162.000,100.000,0.618
87,6,0.112,0.667,30.882,162.000,100.000,0.618
88,6,0.112,0.667,30.883,162.000,100.000,0.618
89,6,0.112,0.667,30.883,162.000,100.000,0.618
90,6,0.112,0.667,30.885,162.000,100.000,0.618
91,6,0.112,0.667,30.885,162.000,100.000,0.618
92,6,0.112,0.667,30.886,162.000,100.000,0.618
93,6,0.112,0.667,30.887,162.000,100.000,0.618
94,6,0.112,0.667,30.888,162.000,100.000,0.618
95,6,0.112,0.667,30.889,162.000,100.000,0.618
96,6,0.112,0.667,30.889,162.000,100.000,0.618
97,6,0.112,0.667,30.890,162.000,100.000,0.618
98,6,0.112,0.667,30.891,162.000,100.000,0.618
99,6,0.112,0.667,30.892,162.000,100.000,0.618
100,6,0.112,0.667,30.892,162.000,100.000,0.618
1,5,0.113,0.667,6.079,164.000,98.000,0.626
2,5,0.113,0.663,9.468,164.000,98.000,0.626
3,5,0.113,0.669,13.057,164.000,98.000,0.626
4,5,0.112,0.669,13.061,164.000,98.000,0.626
5,5,0.112,0.669,14.454,164.000,98.000,0.626
6,5,0.112,0.669,14.701,164.000,98.000,0.626
7,5,0.112,0.669,16.039,164.000,98.000,0.626
8,5,0.112,0.667,16.044,164.000,98.000,0.626
9,5,0.112,0.665,16.046,164.000,98.000,0.626
10,5,0.112,0.669,16.049,164.000,98.000,0.626
11,5,0.111,0.669,16.052,164.000,98.000,0.626
12,5,0.111,0.667,20.381,164.000,98.000,0.626
13,5,0.111,0.667,20.382,164.000,98.000,0.626
14,5,0.111,0.669,20.382,164.000,98.000,0.626
15,5,0.111,0.669,20.383,164.000,98.000,0.626
16,5,0.111,0.667,20.384,163.000,99.000,0.622
17,5,0.111,0.667,20.385,164.000,98.000,0.626
18,5,0.111,0.669,20.385,164.000,98.000,0.626
19,5,0.111,0.669,20.386,164.000,98.000,0.626
20,5,0.111,0.667,20.387,163.000,99.000,0.622
21,5,0.111,0.669,20.388,164.000,98.000,0.626
22,5,0.111,0.667,20.388,163.000,99.000,0.622
23,5,0.111,0.669,20.389,164.000,98.000,0.626
24,5,0.111,0.669,20.390,163.000,99.000,0.622
25,5,0.110,0.669,21.231,164.000,98.000,0.626
26,5,0.110,0.671,21.231,163.000,99.000,0.622
27,5,0.110,0.669,21.232,164.000,98.000,0.626
28,5,0.110,0.671,21.233,163.000,99.000,0.622
29,5,0.110,0.669,21.234,164.000,98.000,0.626
30,5,0.110,0.671,21.235,163.000,99.000,0.622
31,5,0.110,0.669,21.236,164.000,98.000,0.626
32,5,0.110,0.671,21.236,163.000,99.000,0.622
33,5,0.110,0.669,21.237,164.000,98.000,0.626
34,5,0.110,0.671,21.238,163.000,99.000,0.622
35,5,0.110,0.669,21.239,164.000,98.000,0.626
36,5,0.110,0.671,21.239,163.000,99.000,0.622
37,5,0.110,0.669,21.240,164.000,98.000,0.626
38,5,0.110,0.671,21.241,163.000,99.000,0.622
39,5,0.110,0.669,21.242,164.000,98.000,0.626
40,5,0.110,0.671,22.275,163.000,99.000,0.622
41,5,0.110,0.669,22.276,164.000,98.000,0.626
42,5,0.110,0.671,22.277,163.000,99.000,0.622
43,5,0.109,0.669,22.278,164.000,98.000,0.626
44,5,0.110,0.671,22.278,163.000,99.000,0.622
45,5,0.109,0.669,22.279,164.000,98.000,0.626
46,5,0.110,0.671,22.280,163.000,99.000,0.622
47,5,0.109,0.669,22.281,164.000,98.000,0.626
48,5,0.110,0.671,22.281,163.000,99.000,0.622
49,5,0.109,0.669,22.282,164.000,98.000,0.626
50,5,0.109,0.671,22.283,163.000,99.000,0.622
51,5,0.109,0.669,22.284,164.000,98.000,0.626
52,5,0.109,0.671,22.284,163.000,99.000,0.622
53,5,0.109,0.669,22.285,164.000,98.000,0.626
54,5,0.109,0.671,22.286,163.000,99.000,0.622
55,5,0.109,0.669,22.286,164.000,98.000,0.626
56,5,0.109,0.671,22.287,163.000,99.000,0.622
57,5,0.109,0.669,22.288,164.000,98.000,0.626
58,5,0.109,0.671,22.289,163.000,99.000,0.622
59,5,0.109,0.671,22.290,164.000,98.000,0.626
60,5,0.109,0.671,22.290,163.000,99.000,0.622
61,5,0.109,0.669,22.765,164.000,98.000,0.626
62,5,0.109,0.671,22.766,163.000,99.000,0.622
63,5,0.109,0.671,22.767,164.000,98.000,0.626
64,5,0.109,0.671,22.768,163.000,99.000,0.622
65,5,0.109,0.671,22.769,164.000,98.000,0.626
66,5,0.109,0.671,22.770,163.000,99.000,0.622
67,5,0.109,0.671,22.770,164.000,98.000,0.626
68,5,0.109,0.673,23.483,163.000,99.000,0.622
69,5,0.109,0.673,23.483,164.000,98.000,0.626
70,5,0.109,0.673,23.484,163.000,99.000,0.622
71,5,0.109,0.673,23.485,164.000,98.000,0.626
72,5,0.109,0.673,23.486,163.000,99.000,0.622
73,5,0.108,0.673,23.486,164.000,98.000,0.626
74,5,0.108,0.673,23.487,163.000,99.000,0.622
75,5,0.108,0.673,23.488,164.000,98.000,0.626
76,5,0.108,0.673,23.488,163.000,99.000,0.622
77,5,0.108,0.673,23.489,164.000,98.000,0.626
78,5,0.108,0.673,23.490,163.000,99.000,0.622
79,5,0.108,0.673,23.490,164.000,98.000,0.626
80,5,0.108,0.673,23.491,163.000,99.000,0.622
81,5,0.108,0.673,23.494,164.000,98.000,0.626
82,5,0.108,0.673,23.494,163.000,99.000,0.622
83,5,0.108,0.673,23.618,164.000,98.000,0.626
84,5,0.108,0.673,23.619,163.000,99.000,0.622
85,5,0.108,0.673,23.619,163.000,99.000,0.622
86,5,0.108,0.673,23.622,163.000,99.000,0.622
87,5,0.108,0.673,23.623,163.000,99.000,0.622
88,5,0.108,0.673,23.623,163.000,99.000,0.622
89,5,0.108,0.673,23.624,163.000,99.000,0.622
90,5,0.108,0.673,23.625,163.000,99.000,0.622
91,5,0.108,0.673,23.626,163.000,99.000,0.622
92,5,0.108,0.673,23.626,163.000,99.000,0.622
93,5,0.108,0.673,23.628,163.000,99.000,0.622
94,5,0.108,0.673,23.629,163.000,99.000,0.622
95,5,0.108,0.673,23.630,163.000,99.000,0.622
96,5,0.108,0.673,23.635,163.000,99.000,0.622
97,5,0.108,0.673,23.636,163.000,99.000,0.622
98,5,0.108,0.673,23.636,163.000,99.000,0.622
99,5,0.108,0.673,23.638,163.000,99.000,0.622
100,5,0.108,0.673,23.639,163.000,99.000,0.622
1,2,0.143,0.667,0.822,162.000,100.000,0.618
2,2,0.140,0.667,5.082,162.000,100.000,0.618
3,2,0.136,0.667,5.085,162.000,100.000,0.618
4,2,0.135,0.667,5.089,162.000,100.000,0.618
5,2,0.131,0.667,5.883,162.000,100.000,0.618
6,2,0.130,0.667,7.707,162.000,100.000,0.618
7,2,0.129,0.667,13.247,162.000,100.000,0.618
8,2,0.128,0.667,14.593,162.000,100.000,0.618
9,2,0.128,0.667,16.273,162.000,100.000,0.618
10,2,0.127,0.667,17.723,162.000,100.000,0.618
11,2,0.126,0.667,17.726,162.000,100.000,0.618
12,2,0.125,0.667,17.729,162.000,100.000,0.618
13,2,0.125,0.667,17.732,162.000,100.000,0.618
14,2,0.124,0.667,22.872,162.000,100.000,0.618
15,2,0.124,0.667,27.100,162.000,100.000,0.618
16,2,0.123,0.667,27.101,162.000,100.000,0.618
17,2,0.123,0.667,27.102,162.000,100.000,0.618
18,2,0.122,0.667,27.102,162.000,100.000,0.618
19,2,0.122,0.667,27.103,162.000,100.000,0.618
20,2,0.121,0.667,27.104,162.000,100.000,0.618
21,2,0.121,0.667,27.105,162.000,100.000,0.618
22,2,0.121,0.667,27.105,162.000,100.000,0.618
23,2,0.120,0.667,27.106,162.000,100.000,0.618
24,2,0.120,0.667,27.107,162.000,100.000,0.618
25,2,0.119,0.667,27.108,162.000,100.000,0.618
26,2,0.119,0.667,27.109,162.000,100.000,0.618
27,2,0.119,0.667,27.109,162.000,100.000,0.618
28,2,0.118,0.667,27.110,162.000,100.000,0.618
29,2,0.118,0.667,27.111,162.000,100.000,0.618
30,2,0.118,0.667,27.112,162.000,100.000,0.618
31,2,0.117,0.667,27.113,162.000,100.000,0.618
32,2,0.117,0.667,27.113,162.000,100.000,0.618
33,2,0.117,0.667,27.114,162.000,100.000,0.618
34,2,0.116,0.667,27.115,162.000,100.000,0.618
35,2,0.115,0.667,27.116,162.000,100.000,0.618
36,2,0.115,0.667,27.116,162.000,100.000,0.618
37,2,0.114,0.667,27.117,162.000,100.000,0.618
38,2,0.114,0.667,27.118,162.000,100.000,0.618
39,2,0.114,0.667,27.119,162.000,100.000,0.618
40,2,0.113,0.667,27.119,162.000,100.000,0.618
41,2,0.113,0.667,27.120,162.000,100.000,0.618
42,2,0.113,0.667,28.767,162.000,100.000,0.618
43,2,0.113,0.667,28.767,162.000,100.000,0.618
44,2,0.113,0.667,28.768,162.000,100.000,0.618
45,2,0.112,0.667,28.769,162.000,100.000,0.618
46,2,0.112,0.667,28.770,162.000,100.000,0.618
47,2,0.112,0.667,28.884,162.000,100.000,0.618
48,2,0.112,0.667,28.884,162.000,100.000,0.618
49,2,0.112,0.667,28.885,162.000,100.000,0.618
50,2,0.112,0.667,28.886,162.000,100.000,0.618
51,2,0.111,0.667,29.734,162.000,100.000,0.618
52,2,0.111,0.667,29.735,162.000,100.000,0.618
53,2,0.111,0.667,29.736,162.000,100.000,0.618
54,2,0.111,0.667,29.736,162.000,100.000,0.618
55,2,0.111,0.667,29.737,162.000,100.000,0.618
56,2,0.111,0.667,29.738,162.000,100.000,0.618
57,2,0.111,0.667,29.739,162.000,100.000,0.618
58,2,0.111,0.667,29.739,162.000,100.000,0.618
59,2,0.111,0.667,30.474,162.000,100.000,0.618
60,2,0.111,0.667,30.475,162.000,100.000,0.618
61,2,0.111,0.623,30.476,155.000,107.000,0.592
62,2,0.111,0.623,30.477,155.000,107.000,0.592
63,2,0.110,0.633,30.477,157.000,105.000,0.599
64,2,0.110,0.627,31.091,156.000,106.000,0.595
65,2,0.110,0.625,31.091,155.000,107.000,0.592
66,2,0.110,0.629,31.092,156.000,106.000,0.595
67,2,0.110,0.629,31.093,154.000,108.000,0.588
68,2,0.110,0.625,31.094,155.000,107.000,0.592
69,2,0.110,0.627,31.094,156.000,106.000,0.595
70,2,0.110,0.625,31.095,155.000,107.000,0.592
71,2,0.110,0.627,31.096,156.000,106.000,0.595
72,2,0.110,0.627,31.096,156.000,106.000,0.595
73,2,0.110,0.625,31.097,155.000,107.000,0.592
74,2,0.110,0.627,31.098,156.000,106.000,0.595
75,2,0.110,0.627,31.098,154.000,108.000,0.588
76,2,0.110,0.627,31.099,154.000,108.000,0.588
77,2,0.110,0.627,31.100,156.000,106.000,0.595
78,2,0.110,0.625,31.101,155.000,107.000,0.592
79,2,0.110,0.631,31.102,157.000,105.000,0.599
80,2,0.110,0.627,31.102,155.000,107.000,0.592
81,2,0.110,0.627,31.103,155.000,107.000,0.592
82,2,0.110,0.627,31.104,155.000,107.000,0.592
83,2,0.110,0.627,31.105,155.000,107.000,0.592
84,2,0.110,0.627,31.105,154.000,108.000,0.588
85,2,0.109,0.633,31.106,156.000,106.000,0.595
86,2,0.109,0.667,31.107,162.000,100.000,0.618
87,2,0.109,0.667,31.107,162.000,100.000,0.618
88,2,0.109,0.667,31.108,162.000,100.000,0.618
89,2,0.109,0.667,31.109,162.000,100.000,0.618
90,2,0.109,0.667,31.110,162.000,100.000,0.618
91,2,0.109,0.667,31.110,162.000,100.000,0.618
92,2,0.109,0.667,31.111,162.000,100.000,0.618
93,2,0.109,0.667,31.112,162.000,100.000,0.618
94,2,0.109,0.667,31.113,162.000,100.000,0.618
95,2,0.109,0.667,31.113,162.000,100.000,0.618
96,2,0.109,0.667,31.114,162.000,100.000,0.618
97,2,0.109,0.667,31.115,162.000,100.000,0.618
98,2,0.109,0.667,31.115,162.000,100.000,0.618
99,2,0.109,0.667,31.120,162.000,100.000,0.618
100,2,0.109,0.667,31.120,162.000,100.000,0.618
